ArrivingTerminalAbbrev,ArrivingTerminalID,ArrivingTerminalName,ArvDockActual,AtDock,DepartingTerminalAbbrev,DepartingTerminalID,DepartingTerminalName,Eta,InService,LeftDock,LeftDockActual,OpRouteAbbrev,ScheduledDeparture,TimeStamp,VesselID,VesselName,VesselPositionNum,_creationTime,_id,actualDateISO,delayMinutes,scheduledDateISO
ANA,1,Anacortes,2025-08-07 15:59:17,true,LOP,13,Lopez Island,2025-08-07 15:59:00,true,2025-08-07 15:45:57,2025-08-07 15:50:28,ana-sj,2025-08-07 23:20:00,2025-08-07 15:59:17,38,Yakima,1,2025-08-07 15:59:53,kh7f407x1naytd9xft9rwcg3qs7n7kn1,2025-08-07T22:50:28.000Z,-449.53,2025-08-08T06:20:00.000Z
ANA,1,Anacortes,2025-08-09 16:34:53,true,LOP,13,Lopez Island,2025-08-09 16:27:00,true,2025-08-09 15:37:46,2025-08-09 15:51:03,ana-sj,2025-08-09 23:20:00,2025-08-09 16:34:53,38,Yakima,1,2025-08-09 16:35:23,kh7804r4tnwz21t4jwnch6ec5n7nbjhj,2025-08-09T22:51:03.000Z,-448.95,2025-08-10T06:20:00.000Z
ORI,15,Orcas Island,2025-08-09 14:47:56,true,SHI,18,Shaw Island,2025-08-09 13:43:00,true,2025-08-09 13:43:26,2025-08-09 13:53:09,ana-sj,2025-08-09 21:05:00,2025-08-09 14:47:56,69,Samish,2,2025-08-09 14:48:38,kh705an4nsjhmjtfh7c87939rx7naqfv,2025-08-09T20:53:09.000Z,-431.85,2025-08-10T04:05:00.000Z
ORI,15,Orcas Island,2025-08-14 18:54:42,true,SHI,18,Shaw Island,,true,,2025-08-14 17:57:45,ana-sj,2025-08-14 22:45:00,2025-08-14 18:54:42,2,Chelan,3,2025-08-14 18:55:08,kh72j8x8qr43rqny158hya857d7nq25b,2025-08-15T00:57:45.000Z,-287.25,2025-08-15T05:45:00.000Z
ORI,15,Orcas Island,2025-08-12 18:50:43,true,SHI,18,Shaw Island,2025-08-12 17:55:00,true,2025-08-12 17:45:58,2025-08-12 17:59:53,ana-sj,2025-08-12 22:45:00,2025-08-12 18:50:43,2,Chelan,3,2025-08-12 18:51:08,kh7c18y9r9mpf1n53jxn25g82x7nkp4t,2025-08-13T00:59:53.000Z,-285.12,2025-08-13T05:45:00.000Z
ORI,15,Orcas Island,2025-08-13 19:02:46,true,SHI,18,Shaw Island,,true,,2025-08-13 18:03:28,ana-sj,2025-08-13 22:45:00,2025-08-13 19:02:46,2,Chelan,3,2025-08-13 19:03:23,kh7enhzwey0afbn08m0h23414n7nmd8q,2025-08-14T01:03:28.000Z,-281.53,2025-08-14T05:45:00.000Z
ORI,15,Orcas Island,2025-08-11 19:08:31,true,SHI,18,Shaw Island,,true,,2025-08-11 18:17:55,ana-sj,2025-08-11 22:45:00,2025-08-11 19:08:31,2,Chelan,3,2025-08-11 19:09:08,kh7a6jxaparam82kyny2m1fm6x7ngwtp,2025-08-12T01:17:55.000Z,-267.08,2025-08-12T05:45:00.000Z
VAI,22,Vashon Island,2025-08-12 03:38:48,true,SOU,20,Southworth,,true,,2025-08-12 03:30:40,f-v-s,2025-08-12 07:55:00,2025-08-12 03:38:48,28,Sealth,3,2025-08-12 03:39:23,kh777qk2785zfhbhj41t1505en7nhy0w,2025-08-12T10:30:40.000Z,-264.33,2025-08-12T14:55:00.000Z
ORI,15,Orcas Island,2025-08-08 19:25:06,true,SHI,18,Shaw Island,,true,,2025-08-08 18:35:11,ana-sj,2025-08-08 22:45:00,2025-08-08 19:25:06,2,Chelan,3,2025-08-08 19:25:23,kh78e7y61g2pzagekcz1mxkhbx7natt2,2025-08-09T01:35:11.000Z,-249.82,2025-08-09T05:45:00.000Z
P52,7,Seattle,2025-08-10 06:29:03,true,BBI,3,Bainbridge Island,,true,,2025-08-10 05:59:53,sea-bi,2025-08-10 09:45:00,2025-08-10 06:29:03,32,Tacoma,2,2025-08-10 06:29:23,kh701wbq9wbh4kwpaczej7qjs57nd9vd,2025-08-10T12:59:53.000Z,-225.12,2025-08-10T16:45:00.000Z
FRH,10,Friday Harbor,2025-08-16 18:02:32,true,ANA,1,Anacortes,,true,,2025-08-16 16:47:13,ana-sj,2025-08-16 20:10:00,2025-08-16 18:02:32,38,Yakima,1,2025-08-16 18:02:53,kh71c0t2wx8rcwn1xb5bys1sth7nv9jm,2025-08-16T23:47:13.000Z,-202.78,2025-08-17T03:10:00.000Z
FRH,10,Friday Harbor,2025-08-14 11:48:18,true,ANA,1,Anacortes,,true,,2025-08-14 10:55:07,ana-sj,2025-08-14 14:00:00,2025-08-14 11:48:18,69,Samish,2,2025-08-14 11:48:53,kh78qr9v8zapberq6qx2ec4r3x7nnjjq,2025-08-14T17:55:07.000Z,-184.88,2025-08-14T21:00:00.000Z
VAI,22,Vashon Island,2025-08-13 09:22:27,true,SOU,20,Southworth,,true,,2025-08-13 09:20:11,f-v-s,2025-08-13 12:15:00,2025-08-13 09:22:27,19,Kittitas,1,2025-08-13 09:23:08,kh731zpv3m9s4g3bxb7yyaby5h7nk0xv,2025-08-13T16:20:11.000Z,-174.82,2025-08-13T19:15:00.000Z
FAU,9,Fauntleroy,2025-08-16 20:45:22,true,SOU,20,Southworth,,true,,2025-08-16 20:32:54,f-v-s,2025-08-16 23:20:00,2025-08-16 20:45:22,19,Kittitas,1,2025-08-16 20:45:53,kh725nw3b01717xakpdk0m87617nt58t,2025-08-17T03:32:54.000Z,-167.1,2025-08-17T06:20:00.000Z
LOP,13,Lopez Island,2025-08-12 12:56:19,true,SHI,18,Shaw Island,,true,,2025-08-12 12:43:59,ana-sj,2025-08-12 15:30:00,2025-08-12 12:56:19,33,Tillikum,4,2025-08-12 12:56:53,kh72mc0pb67rj4d35qf1m9wwn17nhdm2,2025-08-12T19:43:59.000Z,-166.02,2025-08-12T22:30:00.000Z
BBI,3,Bainbridge Island,2025-08-15 13:41:26,true,P52,7,Seattle,2025-08-15 10:19:00,false,2025-08-15 09:42:23,2025-08-15 13:08:46,sea-bi,2025-08-15 15:50:00,2025-08-15 13:41:26,37,Wenatchee,1,2025-08-15 13:41:53,kh790k6vcbgqzgf6g9maex6hd17nqwnt,2025-08-15T20:08:46.000Z,-161.23,2025-08-15T22:50:00.000Z
VAI,22,Vashon Island,2025-08-16 17:59:15,true,SOU,20,Southworth,,true,,2025-08-16 17:46:18,f-v-s,2025-08-16 20:20:00,2025-08-16 17:59:15,19,Kittitas,1,2025-08-16 17:59:38,kh7ejy0bc1frseh9n1qmpecs817nv95c,2025-08-17T00:46:18.000Z,-153.7,2025-08-17T03:20:00.000Z
LOP,13,Lopez Island,2025-08-12 16:53:01,true,SHI,18,Shaw Island,,true,,2025-08-12 16:46:21,ana-sj,2025-08-12 19:15:00,2025-08-12 16:53:01,33,Tillikum,4,2025-08-12 16:53:23,kh7azxcxpzg7r3pmq0jdcn2ehs7nhab2,2025-08-12T23:46:21.000Z,-148.65,2025-08-13T02:15:00.000Z
FRH,10,Friday Harbor,2025-08-08 18:12:35,true,LOP,13,Lopez Island,,true,,2025-08-08 17:34:14,ana-sj,2025-08-08 19:45:00,2025-08-08 18:12:35,33,Tillikum,4,2025-08-08 18:13:53,kh79vqzbx78t1j9tags1sk0y8x7na998,2025-08-09T00:34:14.000Z,-130.77,2025-08-09T02:45:00.000Z
LOP,13,Lopez Island,2025-08-11 17:15:02,true,SHI,18,Shaw Island,,true,,2025-08-11 17:07:52,ana-sj,2025-08-11 19:15:00,2025-08-11 17:15:02,33,Tillikum,4,2025-08-11 17:15:38,kh7bjagyjpjy3rdz1ce4j1vyw17ng8pc,2025-08-12T00:07:52.000Z,-127.13,2025-08-12T02:15:00.000Z
FAU,9,Fauntleroy,2025-08-12 03:52:08,true,VAI,22,Vashon Island,,true,,2025-08-12 03:41:56,f-v-s,2025-08-12 05:40:00,2025-08-12 03:52:08,28,Sealth,1,2025-08-12 03:52:38,kh7az1echjbx6vqhdtj381ajz57ngz3n,2025-08-12T10:41:56.000Z,-118.07,2025-08-12T12:40:00.000Z
VAI,22,Vashon Island,2025-08-15 06:20:40,true,SOU,20,Southworth,,true,,2025-08-15 06:02:21,f-v-s,2025-08-15 07:55:00,2025-08-15 06:20:40,28,Sealth,3,2025-08-15 06:21:08,kh7bptn0xaf5w4krzj5fcarxxs7npyw4,2025-08-15T13:02:21.000Z,-112.65,2025-08-15T14:55:00.000Z
SHI,18,Shaw Island,2025-08-07 17:58:20,true,ORI,15,Orcas Island,,true,,2025-08-07 17:11:20,ana-sj,2025-08-07 19:00:00,2025-08-07 17:58:20,33,Tillikum,4,2025-08-07 17:58:53,kh71zbhx5wyqx02dsa815s7m317n9ah6,2025-08-08T00:11:20.000Z,-108.67,2025-08-08T02:00:00.000Z
LOP,13,Lopez Island,2025-08-08 20:41:06,true,ANA,1,Anacortes,,true,,2025-08-08 19:50:26,ana-sj,2025-08-08 21:25:00,2025-08-08 20:41:06,2,Chelan,3,2025-08-08 20:41:38,kh7femth589ajtkgbrcq15jhrx7nazfb,2025-08-09T02:50:26.000Z,-94.57,2025-08-09T04:25:00.000Z
VAI,22,Vashon Island,2025-08-08 03:41:27,true,SOU,20,Southworth,,true,,2025-08-08 03:30:51,f-v-s,2025-08-08 05:00:00,2025-08-08 03:41:27,1,Cathlamet,2,2025-08-08 03:41:53,kh764qmc059hc0tvhs5ra7bdq57n8gn1,2025-08-08T10:30:51.000Z,-89.15,2025-08-08T12:00:00.000Z
VAI,22,Vashon Island,2025-08-14 03:40:00,true,SOU,20,Southworth,,true,,2025-08-14 03:30:59,f-v-s,2025-08-14 05:00:00,2025-08-14 03:40:00,1,Cathlamet,2,2025-08-14 03:40:23,kh7b6xkmbwq6jngb33492khgen7nntrg,2025-08-14T10:30:59.000Z,-89.02,2025-08-14T12:00:00.000Z
VAI,22,Vashon Island,2025-08-05 03:40:44,true,SOU,20,Southworth,,true,,2025-08-05 03:31:01,f-v-s,2025-08-05 05:00:00,2025-08-05 03:40:44,1,Cathlamet,2,2025-08-05 03:41:08,kh78x7a2p5f228ek5b3c35fkwh7n2e7a,2025-08-05T10:31:01.000Z,-88.98,2025-08-05T12:00:00.000Z
VAI,22,Vashon Island,2025-08-15 03:44:58,true,SOU,20,Southworth,,true,,2025-08-15 03:34:37,f-v-s,2025-08-15 05:00:00,2025-08-15 03:44:58,1,Cathlamet,2,2025-08-15 03:45:23,kh7dr9sew2s3r1k57qb9sdb73s7nqsxa,2025-08-15T10:34:37.000Z,-85.38,2025-08-15T12:00:00.000Z
VAI,22,Vashon Island,2025-08-10 20:06:24,true,FAU,9,Fauntleroy,,true,,2025-08-10 19:53:19,f-v-s,2025-08-10 21:15:00,2025-08-10 20:06:24,19,Kittitas,1,2025-08-10 20:06:53,kh7da5dhydc8gvbmkebhh8hrqh7nffy0,2025-08-11T02:53:19.000Z,-81.68,2025-08-11T04:15:00.000Z
VAI,22,Vashon Island,2025-08-10 16:33:47,true,FAU,9,Fauntleroy,,true,,2025-08-10 16:20:18,f-v-s,2025-08-10 17:40:00,2025-08-10 16:33:47,19,Kittitas,1,2025-08-10 16:34:08,kh755k94tc1jfj4d9hqq103qsn7nc4te,2025-08-10T23:20:18.000Z,-79.7,2025-08-11T00:40:00.000Z
LOP,13,Lopez Island,2025-08-08 19:09:11,true,ANA,1,Anacortes,,true,,2025-08-08 18:26:36,ana-sj,2025-08-08 19:45:00,2025-08-08 19:09:11,69,Samish,2,2025-08-08 19:09:38,kh78jj44qkmqx82f2nh1jy34r17na88p,2025-08-09T01:26:36.000Z,-78.4,2025-08-09T02:45:00.000Z
ORI,15,Orcas Island,2025-08-12 11:40:54,true,SHI,18,Shaw Island,,true,,2025-08-12 10:57:37,ana-sj,2025-08-12 12:15:00,2025-08-12 11:40:54,33,Tillikum,4,2025-08-12 11:41:23,kh74nx8fjns5hrg0skvkwqxqt97ng29g,2025-08-12T17:57:37.000Z,-77.38,2025-08-12T19:15:00.000Z
VAI,22,Vashon Island,2025-08-10 18:58:35,true,FAU,9,Fauntleroy,,true,,2025-08-10 18:44:33,f-v-s,2025-08-10 20:00:00,2025-08-10 18:58:35,1,Cathlamet,2,2025-08-10 18:59:08,kh75zc56bgsg23058h9t2jmed97ner22,2025-08-11T01:44:33.000Z,-75.45,2025-08-11T03:00:00.000Z
VAI,22,Vashon Island,2025-08-13 08:38:48,true,FAU,9,Fauntleroy,,true,,2025-08-13 08:37:57,f-v-s,2025-08-13 09:50:00,2025-08-13 08:38:48,19,Kittitas,1,2025-08-13 08:39:23,kh7b9jmjszh0a1cy4db07k0y717nk6f1,2025-08-13T15:37:57.000Z,-72.05,2025-08-13T16:50:00.000Z
VAI,22,Vashon Island,2025-08-10 15:02:46,true,FAU,9,Fauntleroy,,true,,2025-08-10 14:49:03,f-v-s,2025-08-10 16:00:00,2025-08-10 15:02:46,19,Kittitas,1,2025-08-10 15:03:08,kh71zr34gfrp0yxyb1fw38g7g97nd8pw,2025-08-10T21:49:03.000Z,-70.95,2025-08-10T23:00:00.000Z
VAI,22,Vashon Island,2025-08-07 16:07:37,true,FAU,9,Fauntleroy,,true,,2025-08-07 16:00:08,f-v-s,2025-08-07 17:10:00,2025-08-07 16:07:37,19,Kittitas,1,2025-08-07 16:08:08,kh74dyfj6htyfetcns8mqzmdb97n70zj,2025-08-07T23:00:08.000Z,-69.87,2025-08-08T00:10:00.000Z
VAI,22,Vashon Island,2025-08-16 15:54:43,true,SOU,20,Southworth,,true,,2025-08-16 15:40:36,f-v-s,2025-08-16 16:50:00,2025-08-16 15:54:43,19,Kittitas,1,2025-08-16 15:55:23,kh7a3n1hzzatqrna56c8fvckfx7ns3b4,2025-08-16T22:40:36.000Z,-69.4,2025-08-16T23:50:00.000Z
VAI,22,Vashon Island,2025-08-10 17:28:53,true,FAU,9,Fauntleroy,,true,,2025-08-10 17:13:59,f-v-s,2025-08-10 18:20:00,2025-08-10 17:28:53,1,Cathlamet,2,2025-08-10 17:29:23,kh7dhsq7fnnmk6wjvcbw2a3q1s7nfwsm,2025-08-11T00:13:59.000Z,-66.02,2025-08-11T01:20:00.000Z
PTD,16,Point Defiance,2025-08-07 13:15:21,true,TAH,21,Tahlequah,,true,,2025-08-07 13:04:30,pd-tal,2025-08-07 14:10:00,2025-08-07 13:15:21,65,Chetzemoka,1,2025-08-07 13:15:53,kh797c8xwa3jqqv7x5tz4t277s7n611x,2025-08-07T20:04:30.000Z,-65.5,2025-08-07T21:10:00.000Z
VAI,22,Vashon Island,2025-08-16 16:53:43,true,FAU,9,Fauntleroy,,true,,2025-08-16 16:39:12,f-v-s,2025-08-16 17:40:00,2025-08-16 16:53:43,19,Kittitas,1,2025-08-16 16:54:08,kh7cg0k3cp24cembrme78pw8497nr44k,2025-08-16T23:39:12.000Z,-60.8,2025-08-17T00:40:00.000Z
SOU,20,Southworth,2025-08-07 16:07:31,true,VAI,22,Vashon Island,,true,,2025-08-07 16:01:06,f-v-s,2025-08-07 17:00:00,2025-08-07 16:07:31,1,Cathlamet,2,2025-08-07 16:07:53,kh7fnsj3s56mprn26paxzm4fks7n7em6,2025-08-07T23:01:06.000Z,-58.9,2025-08-08T00:00:00.000Z
VAI,22,Vashon Island,2025-08-09 20:31:12,true,FAU,9,Fauntleroy,,true,,2025-08-09 20:18:18,f-v-s,2025-08-09 21:15:00,2025-08-09 20:31:12,19,Kittitas,1,2025-08-09 20:31:38,kh78ecse20khq266ethwxjxbf97ndvh8,2025-08-10T03:18:18.000Z,-56.7,2025-08-10T04:15:00.000Z
BBI,3,Bainbridge Island,2025-08-08 21:41:08,true,P52,7,Seattle,,true,,2025-08-08 21:08:35,sea-bi,2025-08-08 22:05:00,2025-08-08 21:41:08,25,Puyallup,2,2025-08-08 21:41:38,kh7a373fwcnwacvaejr4ry7vzs7nb2wf,2025-08-09T04:08:35.000Z,-56.42,2025-08-09T05:05:00.000Z
CLI,5,Clinton,2025-08-13 04:22:30,true,MUK,14,Mukilteo,,true,,2025-08-13 04:08:38,muk-cl,2025-08-13 05:05:00,2025-08-13 04:22:30,18,Kitsap,1,2025-08-13 04:22:53,kh76xw99j7qe1nz1sqfwre7g8s7nj5y1,2025-08-13T11:08:38.000Z,-56.37,2025-08-13T12:05:00.000Z
CLI,5,Clinton,2025-08-09 05:17:34,true,MUK,14,Mukilteo,,true,,2025-08-09 05:04:28,muk-cl,2025-08-09 06:00:00,2025-08-09 05:17:34,18,Kitsap,1,2025-08-09 05:18:08,kh79na0b6rgtaqn6pztae062x17nbnrw,2025-08-09T12:04:28.000Z,-55.53,2025-08-09T13:00:00.000Z
CLI,5,Clinton,2025-08-14 04:22:29,true,MUK,14,Mukilteo,,true,,2025-08-14 04:09:39,muk-cl,2025-08-14 05:05:00,2025-08-14 04:22:29,18,Kitsap,1,2025-08-14 04:22:53,kh7ag1zwsk4wb9acwb2b7p9jgd7nmw2r,2025-08-14T11:09:39.000Z,-55.35,2025-08-14T12:05:00.000Z
CLI,5,Clinton,2025-08-07 04:22:13,true,MUK,14,Mukilteo,,true,,2025-08-07 04:09:45,muk-cl,2025-08-07 05:05:00,2025-08-07 04:22:13,18,Kitsap,1,2025-08-07 04:22:38,kh79v66xz35kx45k219hxw7c8h7n70sv,2025-08-07T11:09:45.000Z,-55.25,2025-08-07T12:05:00.000Z
CLI,5,Clinton,2025-08-15 04:21:42,true,MUK,14,Mukilteo,,true,,2025-08-15 04:10:00,muk-cl,2025-08-15 05:05:00,2025-08-15 04:21:42,18,Kitsap,1,2025-08-15 04:22:08,kh78y4dcevrjb004qq37tpt1hh7np61a,2025-08-15T11:10:00.000Z,-55,2025-08-15T12:05:00.000Z
CLI,5,Clinton,2025-08-08 04:24:33,true,MUK,14,Mukilteo,,true,,2025-08-08 04:10:21,muk-cl,2025-08-08 05:05:00,2025-08-08 04:24:33,18,Kitsap,1,2025-08-08 04:24:53,kh72e8egs52j6sa3e86mtbkben7n8p60,2025-08-08T11:10:21.000Z,-54.65,2025-08-08T12:05:00.000Z
CLI,5,Clinton,2025-08-12 04:24:16,true,MUK,14,Mukilteo,,true,,2025-08-12 04:10:28,muk-cl,2025-08-12 05:05:00,2025-08-12 04:24:16,18,Kitsap,1,2025-08-12 04:24:38,kh7e5p61fxvjmyt9xqynpzeywd7ngwxd,2025-08-12T11:10:28.000Z,-54.53,2025-08-12T12:05:00.000Z
VAI,22,Vashon Island,2025-08-05 07:45:45,true,FAU,9,Fauntleroy,,true,,2025-08-05 07:30:56,f-v-s,2025-08-05 08:25:00,2025-08-05 07:45:45,1,Cathlamet,2,2025-08-05 07:46:08,kh7dhk6e8ns0wb6qq6xq9gwqjd7n3688,2025-08-05T14:30:56.000Z,-54.07,2025-08-05T15:25:00.000Z
VAI,22,Vashon Island,2025-08-11 07:44:56,true,FAU,9,Fauntleroy,,true,,2025-08-11 07:31:27,f-v-s,2025-08-11 08:25:00,2025-08-11 07:44:56,1,Cathlamet,2,2025-08-11 07:45:24,kh78wwsjf5g4h1nqdvd7nbc8rx7nfqzm,2025-08-11T14:31:27.000Z,-53.55,2025-08-11T15:25:00.000Z
VAI,22,Vashon Island,2025-08-06 07:45:42,true,FAU,9,Fauntleroy,,true,,2025-08-06 07:31:36,f-v-s,2025-08-06 08:25:00,2025-08-06 07:45:42,1,Cathlamet,2,2025-08-06 07:46:08,kh71m3ef9q8bj2ccbkxbwed1bn7n4dwf,2025-08-06T14:31:36.000Z,-53.4,2025-08-06T15:25:00.000Z
CLI,5,Clinton,2025-08-06 04:26:37,true,MUK,14,Mukilteo,,true,,2025-08-06 04:11:43,muk-cl,2025-08-06 05:05:00,2025-08-06 04:26:37,18,Kitsap,1,2025-08-06 04:27:08,kh7cwjt2820a9whr98xgmvw0cd7n4n9c,2025-08-06T11:11:43.000Z,-53.28,2025-08-06T12:05:00.000Z
VAI,22,Vashon Island,2025-08-15 07:48:50,true,FAU,9,Fauntleroy,,true,,2025-08-15 07:31:44,f-v-s,2025-08-15 08:25:00,2025-08-15 07:48:50,1,Cathlamet,2,2025-08-15 07:49:08,kh7b6jrxry847v4a61mf5yjq3s7nqe5m,2025-08-15T14:31:44.000Z,-53.27,2025-08-15T15:25:00.000Z
VAI,22,Vashon Island,2025-08-13 07:45:39,true,FAU,9,Fauntleroy,,true,,2025-08-13 07:31:49,f-v-s,2025-08-13 08:25:00,2025-08-13 07:45:39,1,Cathlamet,2,2025-08-13 07:46:38,kh74hb4gvsny0tddm4r9m88y0n7nj16a,2025-08-13T14:31:49.000Z,-53.18,2025-08-13T15:25:00.000Z
CLI,5,Clinton,2025-08-05 04:26:09,true,MUK,14,Mukilteo,,true,,2025-08-05 04:11:56,muk-cl,2025-08-05 05:05:00,2025-08-05 04:26:09,18,Kitsap,1,2025-08-05 04:26:38,kh791n507mw1ef05ke8qx05f5s7n2rg5,2025-08-05T11:11:56.000Z,-53.07,2025-08-05T12:05:00.000Z
CLI,5,Clinton,2025-08-16 05:18:12,true,MUK,14,Mukilteo,,true,,2025-08-16 05:06:57,muk-cl,2025-08-16 06:00:00,2025-08-16 05:18:12,18,Kitsap,1,2025-08-16 05:18:38,kh78g872yjxbedf5qzefn90rf97nrtee,2025-08-16T12:06:57.000Z,-53.05,2025-08-16T13:00:00.000Z
CLI,5,Clinton,2025-08-11 04:26:48,true,MUK,14,Mukilteo,,true,,2025-08-11 04:12:56,muk-cl,2025-08-11 05:05:00,2025-08-11 04:26:48,18,Kitsap,1,2025-08-11 04:27:08,kh7ca562hgs5ta33bd9ex7tnex7nfnsf,2025-08-11T11:12:56.000Z,-52.07,2025-08-11T12:05:00.000Z
VAI,22,Vashon Island,2025-08-12 07:46:00,true,FAU,9,Fauntleroy,,true,,2025-08-12 07:33:15,f-v-s,2025-08-12 08:25:00,2025-08-12 07:46:00,1,Cathlamet,2,2025-08-12 07:46:23,kh7fe50bbwsz8ygsdyj5a8jkns7ngjww,2025-08-12T14:33:15.000Z,-51.75,2025-08-12T15:25:00.000Z
VAI,22,Vashon Island,2025-08-14 07:48:19,true,FAU,9,Fauntleroy,,true,,2025-08-14 07:33:36,f-v-s,2025-08-14 08:25:00,2025-08-14 07:48:19,1,Cathlamet,2,2025-08-14 07:48:38,kh74mr9mv93d9qhdazkd74m51n7nn985,2025-08-14T14:33:36.000Z,-51.4,2025-08-14T15:25:00.000Z
VAI,22,Vashon Island,2025-08-08 07:47:19,true,FAU,9,Fauntleroy,,true,,2025-08-08 07:33:48,f-v-s,2025-08-08 08:25:00,2025-08-08 07:47:19,1,Cathlamet,2,2025-08-08 07:47:53,kh75s27gfzscg6jqntprvx0tqs7n9ft5,2025-08-08T14:33:48.000Z,-51.2,2025-08-08T15:25:00.000Z
CLI,5,Clinton,2025-08-10 05:22:51,true,MUK,14,Mukilteo,,true,,2025-08-10 05:09:07,muk-cl,2025-08-10 06:00:00,2025-08-10 05:22:51,18,Kitsap,1,2025-08-10 05:23:23,kh783a91qdp0chmdeb6jr86qfx7nderd,2025-08-10T12:09:07.000Z,-50.88,2025-08-10T13:00:00.000Z
VAI,22,Vashon Island,2025-08-07 07:47:42,true,FAU,9,Fauntleroy,,true,,2025-08-07 07:35:14,f-v-s,2025-08-07 08:25:00,2025-08-07 07:47:42,1,Cathlamet,2,2025-08-07 07:48:08,kh723dhzrdm0mb1sj0yavw5tgs7n7scd,2025-08-07T14:35:14.000Z,-49.77,2025-08-07T15:25:00.000Z
TAH,21,Tahlequah,2025-08-14 13:01:27,true,PTD,16,Point Defiance,,true,,2025-08-14 12:50:27,pd-tal,2025-08-14 13:40:00,2025-08-14 13:01:27,65,Chetzemoka,1,2025-08-14 13:02:08,kh7an1ma6c0ebsrpj0aed0q05d7nmyas,2025-08-14T19:50:27.000Z,-49.55,2025-08-14T20:40:00.000Z
VAI,22,Vashon Island,2025-08-07 15:45:49,true,FAU,9,Fauntleroy,,true,,2025-08-07 15:45:37,f-v-s,2025-08-07 16:35:00,2025-08-07 15:45:49,1,Cathlamet,2,2025-08-07 15:46:23,kh728fb20zsy8g0150g99ah2tn7n7ttb,2025-08-07T22:45:37.000Z,-49.38,2025-08-07T23:35:00.000Z
SOU,20,Southworth,2025-08-15 11:19:39,true,VAI,22,Vashon Island,,true,,2025-08-15 11:06:05,f-v-s,2025-08-15 11:55:00,2025-08-15 11:19:39,19,Kittitas,1,2025-08-15 11:20:08,kh763cjsht83fnqbbs6z5nsaph7npt0v,2025-08-15T18:06:05.000Z,-48.92,2025-08-15T18:55:00.000Z
SOU,20,Southworth,2025-08-06 11:22:02,true,VAI,22,Vashon Island,,true,,2025-08-06 11:06:38,f-v-s,2025-08-06 11:55:00,2025-08-06 11:22:02,19,Kittitas,1,2025-08-06 11:22:23,kh727rjmhgf9y7xwpg2d0vh9nx7n5nnt,2025-08-06T18:06:38.000Z,-48.37,2025-08-06T18:55:00.000Z
SOU,20,Southworth,2025-08-08 11:20:52,true,VAI,22,Vashon Island,,true,,2025-08-08 11:06:39,f-v-s,2025-08-08 11:55:00,2025-08-08 11:20:52,19,Kittitas,1,2025-08-08 11:21:23,kh7725dy359ms21ev7t7haesb97n8r15,2025-08-08T18:06:39.000Z,-48.35,2025-08-08T18:55:00.000Z
MUK,14,Mukilteo,2025-08-13 04:06:23,true,CLI,5,Clinton,,true,,2025-08-13 03:51:58,muk-cl,2025-08-13 04:40:00,2025-08-13 04:06:23,18,Kitsap,1,2025-08-13 04:06:54,kh7bvp211rnjhrv7pfjk4tk2rn7njvg2,2025-08-13T10:51:58.000Z,-48.03,2025-08-13T11:40:00.000Z
SOU,20,Southworth,2025-08-12 11:21:32,true,VAI,22,Vashon Island,,true,,2025-08-12 11:07:09,f-v-s,2025-08-12 11:55:00,2025-08-12 11:21:32,19,Kittitas,1,2025-08-12 11:21:53,kh74j73r2a8q62mdqctfv0ha817nhwr4,2025-08-12T18:07:09.000Z,-47.85,2025-08-12T18:55:00.000Z
PTD,16,Point Defiance,2025-08-14 13:34:13,true,TAH,21,Tahlequah,,true,,2025-08-14 13:22:43,pd-tal,2025-08-14 14:10:00,2025-08-14 13:34:13,65,Chetzemoka,1,2025-08-14 13:34:38,kh7fxj7c40fnc2swg1h1astk797nm30q,2025-08-14T20:22:43.000Z,-47.28,2025-08-14T21:10:00.000Z
FAU,9,Fauntleroy,2025-08-06 03:54:17,true,VAI,22,Vashon Island,,true,,2025-08-06 03:42:48,f-v-s,2025-08-06 04:30:00,2025-08-06 03:54:17,19,Kittitas,1,2025-08-06 03:54:53,kh72kddngskktgxsfv1v74vqc57n58yw,2025-08-06T10:42:48.000Z,-47.2,2025-08-06T11:30:00.000Z
FAU,9,Fauntleroy,2025-08-13 03:54:03,true,VAI,22,Vashon Island,,true,,2025-08-13 03:42:59,f-v-s,2025-08-13 04:30:00,2025-08-13 03:54:03,19,Kittitas,1,2025-08-13 03:54:23,kh773synswc8whnr0n1ajdczvn7nkmtn,2025-08-13T10:42:59.000Z,-47.02,2025-08-13T11:30:00.000Z
P52,7,Seattle,2025-08-16 18:13:10,true,BBI,3,Bainbridge Island,,true,,2025-08-16 17:43:11,sea-bi,2025-08-16 18:30:00,2025-08-16 18:13:10,36,Walla Walla,2,2025-08-16 18:13:38,kh7daf6tk1k3y997vjxcsm5szh7nvwcd,2025-08-17T00:43:11.000Z,-46.82,2025-08-17T01:30:00.000Z
CLI,5,Clinton,2025-08-08 22:26:25,true,MUK,14,Mukilteo,,true,,2025-08-08 22:13:43,muk-cl,2025-08-08 23:00:00,2025-08-08 22:26:25,18,Kitsap,1,2025-08-08 22:26:53,kh741w6933gr6p2v4pdbjjv4vh7nbeby,2025-08-09T05:13:43.000Z,-46.28,2025-08-09T06:00:00.000Z
MUK,14,Mukilteo,2025-08-08 04:08:28,true,CLI,5,Clinton,,true,,2025-08-08 03:53:57,muk-cl,2025-08-08 04:40:00,2025-08-08 04:08:28,18,Kitsap,1,2025-08-08 04:08:53,kh77fy11mx2ds0t115ajvvf0g97n90nm,2025-08-08T10:53:57.000Z,-46.05,2025-08-08T11:40:00.000Z
MUK,14,Mukilteo,2025-08-15 04:07:58,true,CLI,5,Clinton,,true,,2025-08-15 03:54:00,muk-cl,2025-08-15 04:40:00,2025-08-15 04:07:58,18,Kitsap,1,2025-08-15 04:08:23,kh75qxx01qgpsxad8js2gehss97npzbt,2025-08-15T10:54:00.000Z,-46,2025-08-15T11:40:00.000Z
BBI,3,Bainbridge Island,2025-08-09 19:55:46,true,P52,7,Seattle,,true,,2025-08-09 19:24:06,sea-bi,2025-08-09 20:10:00,2025-08-09 19:55:46,25,Puyallup,1,2025-08-09 19:56:23,kh7dznf7969hawr75jrtmy9ndh7ncdgc,2025-08-10T02:24:06.000Z,-45.9,2025-08-10T03:10:00.000Z
MUK,14,Mukilteo,2025-08-05 04:09:13,true,CLI,5,Clinton,,true,,2025-08-05 03:54:09,muk-cl,2025-08-05 04:40:00,2025-08-05 04:09:13,18,Kitsap,1,2025-08-05 04:09:38,kh7br3fh8gw6fhbnt13a4mkwgd7n2tjz,2025-08-05T10:54:09.000Z,-45.85,2025-08-05T11:40:00.000Z
MUK,14,Mukilteo,2025-08-07 04:07:24,true,CLI,5,Clinton,,true,,2025-08-07 03:54:09,muk-cl,2025-08-07 04:40:00,2025-08-07 04:07:24,18,Kitsap,1,2025-08-07 04:07:53,kh724af81189f4vd7h95e65kgx7n7sc7,2025-08-07T10:54:09.000Z,-45.85,2025-08-07T11:40:00.000Z
MUK,14,Mukilteo,2025-08-06 04:09:12,true,CLI,5,Clinton,,true,,2025-08-06 03:54:18,muk-cl,2025-08-06 04:40:00,2025-08-06 04:09:12,18,Kitsap,1,2025-08-06 04:09:38,kh7djas1dqbgqffm4mk97y3qc17n4qbx,2025-08-06T10:54:18.000Z,-45.7,2025-08-06T11:40:00.000Z
MUK,14,Mukilteo,2025-08-12 04:08:40,true,CLI,5,Clinton,,true,,2025-08-12 03:54:18,muk-cl,2025-08-12 04:40:00,2025-08-12 04:08:40,18,Kitsap,1,2025-08-12 04:09:08,kh7e9533axmdh931yzmnpwa9kn7nh6hz,2025-08-12T10:54:18.000Z,-45.7,2025-08-12T11:40:00.000Z
MUK,14,Mukilteo,2025-08-14 04:07:59,true,CLI,5,Clinton,,true,,2025-08-14 03:54:19,muk-cl,2025-08-14 04:40:00,2025-08-14 04:07:59,18,Kitsap,1,2025-08-14 04:08:24,kh740jam76h9m5p1a4156aqdss7nmhsn,2025-08-14T10:54:19.000Z,-45.68,2025-08-14T11:40:00.000Z
FAU,9,Fauntleroy,2025-08-11 03:56:32,true,VAI,22,Vashon Island,,true,,2025-08-11 03:45:12,f-v-s,2025-08-11 04:30:00,2025-08-11 03:56:32,19,Kittitas,1,2025-08-11 03:57:08,kh7d8gg0fyxbkws1t2nhnkkjx97nettk,2025-08-11T10:45:12.000Z,-44.8,2025-08-11T11:30:00.000Z
MUK,14,Mukilteo,2025-08-11 04:09:28,true,CLI,5,Clinton,,true,,2025-08-11 03:55:33,muk-cl,2025-08-11 04:40:00,2025-08-11 04:09:28,18,Kitsap,1,2025-08-11 04:09:53,kh7a3jcyzpxzypacq3qqbhh3997negwx,2025-08-11T10:55:33.000Z,-44.45,2025-08-11T11:40:00.000Z
VAI,22,Vashon Island,2025-08-10 18:10:28,true,FAU,9,Fauntleroy,,true,,2025-08-10 17:55:34,f-v-s,2025-08-10 18:40:00,2025-08-10 18:10:28,19,Kittitas,1,2025-08-10 18:10:53,kh72cjez02r03c8a7kfwmrx3r57nfxqp,2025-08-11T00:55:34.000Z,-44.43,2025-08-11T01:40:00.000Z
SOU,20,Southworth,2025-08-07 11:29:45,true,VAI,22,Vashon Island,,true,,2025-08-07 11:10:41,f-v-s,2025-08-07 11:55:00,2025-08-07 11:29:45,19,Kittitas,1,2025-08-07 11:30:08,kh768ceca2bdqa2jx0qbe60tv97n70cb,2025-08-07T18:10:41.000Z,-44.32,2025-08-07T18:55:00.000Z
FAU,9,Fauntleroy,2025-08-06 11:51:23,true,VAI,22,Vashon Island,,true,,2025-08-06 11:35:44,f-v-s,2025-08-06 12:20:00,2025-08-06 11:51:23,28,Sealth,3,2025-08-06 11:51:53,kh7d4bgvsnbme43n18qnrvv6zx7n5zsa,2025-08-06T18:35:44.000Z,-44.27,2025-08-06T19:20:00.000Z
FAU,9,Fauntleroy,2025-08-05 13:10:13,true,VAI,22,Vashon Island,,true,,2025-08-05 12:55:46,f-v-s,2025-08-05 13:40:00,2025-08-05 13:10:13,19,Kittitas,1,2025-08-05 13:10:38,kh76jv73fwgxxqh4kvyxzgqcdd7n2ndc,2025-08-05T19:55:46.000Z,-44.23,2025-08-05T20:40:00.000Z
SOU,20,Southworth,2025-08-16 20:44:02,true,VAI,22,Vashon Island,,true,,2025-08-16 20:30:48,f-v-s,2025-08-16 21:15:00,2025-08-16 20:44:02,1,Cathlamet,2,2025-08-16 20:44:23,kh77yhs4k4c1c3ch8pakjgvxj57ntj9b,2025-08-17T03:30:48.000Z,-44.2,2025-08-17T04:15:00.000Z
P52,7,Seattle,2025-08-08 20:46:48,true,BBI,3,Bainbridge Island,,true,,2025-08-08 20:16:06,sea-bi,2025-08-08 21:00:00,2025-08-08 20:46:48,25,Puyallup,2,2025-08-08 20:47:23,kh7a8hcmay2h25zze3c8hkzjts7naxd8,2025-08-09T03:16:06.000Z,-43.9,2025-08-09T04:00:00.000Z
PTD,16,Point Defiance,2025-08-14 14:40:04,true,TAH,21,Tahlequah,,true,,2025-08-14 14:26:26,pd-tal,2025-08-14 15:10:00,2025-08-14 14:40:04,65,Chetzemoka,1,2025-08-14 14:40:23,kh719htsbt8n4s0r7y37701ntx7nmj7a,2025-08-14T21:26:26.000Z,-43.57,2025-08-14T22:10:00.000Z
MUK,14,Mukilteo,2025-08-13 09:26:18,true,CLI,5,Clinton,,true,,2025-08-13 09:16:38,muk-cl,2025-08-13 10:00:00,2025-08-13 09:26:18,75,Suquamish,2,2025-08-13 09:26:38,kh79adt1ga10p8jzma1v3p21mn7nkgr0,2025-08-13T16:16:38.000Z,-43.37,2025-08-13T17:00:00.000Z
VAI,22,Vashon Island,2025-08-10 19:17:59,true,FAU,9,Fauntleroy,2025-08-10 18:49:00,true,2025-08-10 18:34:01,2025-08-10 18:56:39,f-v-s,2025-08-10 19:40:00,2025-08-10 19:17:59,19,Kittitas,1,2025-08-10 19:18:23,kh71hs8pxq40b75xhds9tf701x7neywm,2025-08-11T01:56:39.000Z,-43.35,2025-08-11T02:40:00.000Z
BBI,3,Bainbridge Island,2025-08-16 19:07:21,true,P52,7,Seattle,,true,,2025-08-16 18:36:52,sea-bi,2025-08-16 19:20:00,2025-08-16 19:07:21,36,Walla Walla,2,2025-08-16 19:07:53,kh79yxsdwy52j3jg4htg2jw6317ntn02,2025-08-17T01:36:52.000Z,-43.13,2025-08-17T02:20:00.000Z
PTD,16,Point Defiance,2025-08-14 20:28:13,true,TAH,21,Tahlequah,,true,,2025-08-14 20:16:55,pd-tal,2025-08-14 21:00:00,2025-08-14 20:28:13,65,Chetzemoka,1,2025-08-14 20:28:38,kh73y2y1jgjx4ehvw85kjbeth57npnbp,2025-08-15T03:16:55.000Z,-43.08,2025-08-15T04:00:00.000Z
FRH,10,Friday Harbor,2025-08-07 16:08:06,true,ORI,15,Orcas Island,2025-08-07 16:11:00,true,2025-08-07 15:49:41,2025-08-07 16:02:48,ana-sj,2025-08-07 16:45:00,2025-08-07 16:08:06,33,Tillikum,4,2025-08-07 16:08:38,kh72092y2sbeqcyctpswa1xwsh7n7r32,2025-08-07T23:02:48.000Z,-42.2,2025-08-07T23:45:00.000Z
CLI,5,Clinton,2025-08-08 22:02:07,true,MUK,14,Mukilteo,,true,,2025-08-08 21:47:51,muk-cl,2025-08-08 22:30:00,2025-08-08 22:02:07,68,Tokitae,2,2025-08-08 22:02:38,kh75v1an8tqhp9bayb8bdpkat17nbw2f,2025-08-09T04:47:51.000Z,-42.15,2025-08-09T05:30:00.000Z
P52,7,Seattle,2025-08-09 19:03:17,true,BBI,3,Bainbridge Island,,true,,2025-08-09 18:33:26,sea-bi,2025-08-09 19:15:00,2025-08-09 19:03:17,25,Puyallup,1,2025-08-09 19:03:53,kh78d1xhnvyw040kmp3xyrrz617nd62w,2025-08-10T01:33:26.000Z,-41.57,2025-08-10T02:15:00.000Z
FAU,9,Fauntleroy,2025-08-14 03:59:55,true,VAI,22,Vashon Island,,true,,2025-08-14 03:48:31,f-v-s,2025-08-14 04:30:00,2025-08-14 03:59:55,19,Kittitas,1,2025-08-14 04:00:23,kh73nsmc8m3sk0jpkrbdtwt3fs7nngez,2025-08-14T10:48:31.000Z,-41.48,2025-08-14T11:30:00.000Z
BBI,3,Bainbridge Island,2025-08-16 20:02:07,true,P52,7,Seattle,,true,,2025-08-16 19:28:46,sea-bi,2025-08-16 20:10:00,2025-08-16 20:02:07,32,Tacoma,1,2025-08-16 20:02:38,kh75pvdv83cjmpzvn25qm7dw8h7ntz1z,2025-08-17T02:28:46.000Z,-41.23,2025-08-17T03:10:00.000Z
MUK,14,Mukilteo,2025-08-07 20:38:19,true,CLI,5,Clinton,,true,,2025-08-07 20:18:51,muk-cl,2025-08-07 21:00:00,2025-08-07 20:38:19,68,Tokitae,2,2025-08-07 20:38:53,kh7emkdr8mwxbnb5zcze1kzmms7n92rn,2025-08-08T03:18:51.000Z,-41.15,2025-08-08T04:00:00.000Z
VAI,22,Vashon Island,2025-08-10 20:22:55,true,FAU,9,Fauntleroy,,true,,2025-08-10 20:08:51,f-v-s,2025-08-10 20:50:00,2025-08-10 20:22:55,1,Cathlamet,2,2025-08-10 20:23:23,kh72h1z419sk02v0m25agye3ad7nf76r,2025-08-11T03:08:51.000Z,-41.15,2025-08-11T03:50:00.000Z
MUK,14,Mukilteo,2025-08-09 05:02:06,true,CLI,5,Clinton,,true,,2025-08-09 04:49:03,muk-cl,2025-08-09 05:30:00,2025-08-09 05:02:06,18,Kitsap,1,2025-08-09 05:02:38,kh7ena6577thgrmqd36hzr9ven7na298,2025-08-09T11:49:03.000Z,-40.95,2025-08-09T12:30:00.000Z
FAU,9,Fauntleroy,2025-08-13 09:47:42,true,VAI,22,Vashon Island,,true,,2025-08-13 09:34:12,f-v-s,2025-08-13 10:15:00,2025-08-13 09:47:42,19,Kittitas,1,2025-08-13 09:48:08,kh714kh8v6etn5g6a6mahjrnds7nkhb5,2025-08-13T16:34:12.000Z,-40.8,2025-08-13T17:15:00.000Z
SOU,20,Southworth,2025-08-06 23:47:28,true,VAI,22,Vashon Island,,true,,2025-08-06 23:34:46,f-v-s,2025-08-07 00:15:00,2025-08-06 23:47:28,19,Kittitas,1,2025-08-06 23:47:53,kh78m7gfkc4tq65xa8zah2gqcs7n69qp,2025-08-07T06:34:46.000Z,-40.23,2025-08-07T07:15:00.000Z
MUK,14,Mukilteo,2025-08-08 09:27:40,true,CLI,5,Clinton,,true,,2025-08-08 09:20:00,muk-cl,2025-08-08 10:00:00,2025-08-08 09:27:40,68,Tokitae,2,2025-08-08 09:28:08,kh725jxqex587e0rvdes1wzmgs7n8yhf,2025-08-08T16:20:00.000Z,-40,2025-08-08T17:00:00.000Z
VAI,22,Vashon Island,2025-08-15 06:40:12,true,FAU,9,Fauntleroy,,true,,2025-08-15 06:25:07,f-v-s,2025-08-15 07:05:00,2025-08-15 06:40:12,28,Sealth,3,2025-08-15 06:40:38,kh7dnyvbc6a14czy0pxmtnvmyd7nqntc,2025-08-15T13:25:07.000Z,-39.88,2025-08-15T14:05:00.000Z
FAU,9,Fauntleroy,2025-08-10 17:43:14,true,VAI,22,Vashon Island,,true,,2025-08-10 17:30:18,f-v-s,2025-08-10 18:10:00,2025-08-10 17:43:14,19,Kittitas,1,2025-08-10 17:43:38,kh775sbjq4zh8n7s50hkrq1cn17net9h,2025-08-11T00:30:18.000Z,-39.7,2025-08-11T01:10:00.000Z
VAI,22,Vashon Island,2025-08-13 03:40:09,true,SOU,20,Southworth,2025-08-13 01:42:00,true,2025-08-13 01:41:38,2025-08-13 03:30:27,f-v-s,2025-08-13 04:10:00,2025-08-13 03:40:09,19,Kittitas,1,2025-08-13 03:40:38,kh72v2tbkt985vdcp66wz7kt357nj7km,2025-08-13T10:30:27.000Z,-39.55,2025-08-13T11:10:00.000Z
MUK,14,Mukilteo,2025-08-16 05:04:19,true,CLI,5,Clinton,,true,,2025-08-16 04:50:29,muk-cl,2025-08-16 05:30:00,2025-08-16 05:04:19,18,Kitsap,1,2025-08-16 05:04:38,kh7d0zp43k5wmqntg0e6gf95th7nsam3,2025-08-16T11:50:29.000Z,-39.52,2025-08-16T12:30:00.000Z
P52,7,Seattle,2025-08-16 20:00:36,true,BBI,3,Bainbridge Island,,true,,2025-08-16 19:30:33,sea-bi,2025-08-16 20:10:00,2025-08-16 20:00:36,36,Walla Walla,2,2025-08-16 20:00:53,kh73gcpkyjbhyct2fx00dygkfn7ntgdq,2025-08-17T02:30:33.000Z,-39.45,2025-08-17T03:10:00.000Z
FAU,9,Fauntleroy,2025-08-08 04:01:42,true,VAI,22,Vashon Island,,true,,2025-08-08 03:50:36,f-v-s,2025-08-08 04:30:00,2025-08-08 04:01:42,19,Kittitas,1,2025-08-08 04:02:08,kh7fpxdx9p63gdq1v6gmz204cs7n97ej,2025-08-08T10:50:36.000Z,-39.4,2025-08-08T11:30:00.000Z
VAI,22,Vashon Island,2025-08-07 03:40:25,true,SOU,20,Southworth,,true,,2025-08-07 03:30:53,f-v-s,2025-08-07 04:10:00,2025-08-07 03:40:25,19,Kittitas,1,2025-08-07 03:40:53,kh71nr0xsym21tpk4pqjhe6b2d7n72cx,2025-08-07T10:30:53.000Z,-39.12,2025-08-07T11:10:00.000Z
VAI,22,Vashon Island,2025-08-06 03:40:29,true,SOU,20,Southworth,,true,,2025-08-06 03:31:00,f-v-s,2025-08-06 04:10:00,2025-08-06 03:40:29,19,Kittitas,1,2025-08-06 03:40:53,kh79vr2b1k2y4qpef1zvwt3wkh7n4srh,2025-08-06T10:31:00.000Z,-39,2025-08-06T11:10:00.000Z
VAI,22,Vashon Island,2025-08-11 03:42:46,true,SOU,20,Southworth,,true,,2025-08-11 03:31:01,f-v-s,2025-08-11 04:10:00,2025-08-11 03:42:46,19,Kittitas,1,2025-08-11 03:43:08,kh72yky6a0j6d7psymv73ve1017nevyw,2025-08-11T10:31:01.000Z,-38.98,2025-08-11T11:10:00.000Z
MUK,14,Mukilteo,2025-08-11 20:11:48,true,CLI,5,Clinton,,true,,2025-08-11 19:51:31,muk-cl,2025-08-11 20:30:00,2025-08-11 20:11:48,18,Kitsap,1,2025-08-11 20:12:08,kh794jfkq3sdq9e6agx1np166s7ngawj,2025-08-12T02:51:31.000Z,-38.48,2025-08-12T03:30:00.000Z
CLI,5,Clinton,2025-08-08 16:15:22,true,MUK,14,Mukilteo,,true,,2025-08-08 16:01:47,muk-cl,2025-08-08 16:40:00,2025-08-08 16:15:22,68,Tokitae,2,2025-08-08 16:15:53,kh70rckfkd980aeyj6xerprfv97n8a9e,2025-08-08T23:01:47.000Z,-38.22,2025-08-08T23:40:00.000Z
BBI,3,Bainbridge Island,2025-08-10 22:33:58,true,P52,7,Seattle,,true,,2025-08-10 22:01:58,sea-bi,2025-08-10 22:40:00,2025-08-10 22:33:58,32,Tacoma,2,2025-08-10 22:34:23,kh7b3sabcmtqrmw16qnh8vhbqn7nfsfy,2025-08-11T05:01:58.000Z,-38.03,2025-08-11T05:40:00.000Z
FAU,9,Fauntleroy,2025-08-10 20:01:34,true,VAI,22,Vashon Island,,true,,2025-08-10 19:46:59,f-v-s,2025-08-10 20:25:00,2025-08-10 20:01:34,1,Cathlamet,2,2025-08-10 20:01:53,kh77sp8ggep73p3vcy1gpacb157nf6qa,2025-08-11T02:46:59.000Z,-38.02,2025-08-11T03:25:00.000Z
BBI,3,Bainbridge Island,2025-08-16 22:32:07,true,P52,7,Seattle,,true,,2025-08-16 22:02:06,sea-bi,2025-08-16 22:40:00,2025-08-16 22:32:07,36,Walla Walla,2,2025-08-16 22:32:53,kh7cawnksx8zy2wb61txspr1x57ntytz,2025-08-17T05:02:06.000Z,-37.9,2025-08-17T05:40:00.000Z
MUK,14,Mukilteo,2025-08-08 22:05:33,true,CLI,5,Clinton,,true,,2025-08-08 21:52:21,muk-cl,2025-08-08 22:30:00,2025-08-08 22:05:33,18,Kitsap,1,2025-08-08 22:05:54,kh77esmsh65rnhadhm5yqh4b4d7nbaaf,2025-08-09T04:52:21.000Z,-37.65,2025-08-09T05:30:00.000Z
BBI,3,Bainbridge Island,2025-08-16 20:52:52,true,P52,7,Seattle,,true,,2025-08-16 20:22:35,sea-bi,2025-08-16 21:00:00,2025-08-16 20:52:52,36,Walla Walla,2,2025-08-16 20:53:23,kh77js534vtycqfxnmt6zv598d7nv6e1,2025-08-17T03:22:35.000Z,-37.42,2025-08-17T04:00:00.000Z
CLI,5,Clinton,2025-08-11 19:42:01,true,MUK,14,Mukilteo,,true,,2025-08-11 19:27:55,muk-cl,2025-08-11 20:05:00,2025-08-11 19:42:01,18,Kitsap,1,2025-08-11 19:42:38,kh799c53wpe539hskc9dx54axh7nhfps,2025-08-12T02:27:55.000Z,-37.08,2025-08-12T03:05:00.000Z
CLI,5,Clinton,2025-08-08 09:27:28,true,MUK,14,Mukilteo,,true,,2025-08-08 09:23:01,muk-cl,2025-08-08 10:00:00,2025-08-08 09:27:28,18,Kitsap,1,2025-08-08 09:27:53,kh73h7cmat9qyje9qnvbbwdwh97n93s8,2025-08-08T16:23:01.000Z,-36.98,2025-08-08T17:00:00.000Z
MUK,14,Mukilteo,2025-08-10 05:06:46,true,CLI,5,Clinton,,true,,2025-08-10 04:53:08,muk-cl,2025-08-10 05:30:00,2025-08-10 05:06:46,18,Kitsap,1,2025-08-10 05:07:08,kh76nj74g728x1kryxv1vjtx017nca20,2025-08-10T11:53:08.000Z,-36.87,2025-08-10T12:30:00.000Z
P52,7,Seattle,2025-08-09 20:48:46,true,BBI,3,Bainbridge Island,,true,,2025-08-09 20:18:36,sea-bi,2025-08-09 20:55:00,2025-08-09 20:48:46,25,Puyallup,1,2025-08-09 20:49:23,kh730s7542qbxckw9v1gwjrzps7nc0fc,2025-08-10T03:18:36.000Z,-36.4,2025-08-10T03:55:00.000Z
CLI,5,Clinton,2025-08-08 16:47:26,true,MUK,14,Mukilteo,,true,,2025-08-08 16:33:39,muk-cl,2025-08-08 17:10:00,2025-08-08 16:47:26,18,Kitsap,1,2025-08-08 16:48:08,kh78s72w69jp960tve4sym36317n93sh,2025-08-08T23:33:39.000Z,-36.35,2025-08-09T00:10:00.000Z
CLI,5,Clinton,2025-08-08 17:18:15,true,MUK,14,Mukilteo,,true,,2025-08-08 17:04:07,muk-cl,2025-08-08 17:40:00,2025-08-08 17:18:15,68,Tokitae,2,2025-08-08 17:18:38,kh7esyy2ytfhw8xef8p17we5ms7nbm0k,2025-08-09T00:04:07.000Z,-35.88,2025-08-09T00:40:00.000Z
MUK,14,Mukilteo,2025-08-07 16:41:03,true,CLI,5,Clinton,,true,,2025-08-07 16:29:20,muk-cl,2025-08-07 17:05:00,2025-08-07 16:41:03,68,Tokitae,2,2025-08-07 16:41:38,kh7d4758spvnqyjgn1ymvydhex7n7qg4,2025-08-07T23:29:20.000Z,-35.67,2025-08-08T00:05:00.000Z
MUK,14,Mukilteo,2025-08-07 18:44:06,true,CLI,5,Clinton,,true,,2025-08-07 18:29:21,muk-cl,2025-08-07 19:05:00,2025-08-07 18:44:06,68,Tokitae,2,2025-08-07 18:44:38,kh77c47axxz7ty1t6m6phb4j1h7n93ck,2025-08-08T01:29:21.000Z,-35.65,2025-08-08T02:05:00.000Z
BBI,3,Bainbridge Island,2025-08-09 21:40:54,true,P52,7,Seattle,,true,,2025-08-09 21:09:28,sea-bi,2025-08-09 21:45:00,2025-08-09 21:40:54,25,Puyallup,1,2025-08-09 21:41:23,kh7fhfb4x1hhexb57d94ayr2m57ndn5k,2025-08-10T04:09:28.000Z,-35.53,2025-08-10T04:45:00.000Z
FAU,9,Fauntleroy,2025-08-15 04:06:43,true,VAI,22,Vashon Island,,true,,2025-08-15 03:54:30,f-v-s,2025-08-15 04:30:00,2025-08-15 04:06:43,19,Kittitas,1,2025-08-15 04:07:08,kh7ezk7bnb7sy25zwbca6eq07n7nqk9j,2025-08-15T10:54:30.000Z,-35.5,2025-08-15T11:30:00.000Z
CLI,5,Clinton,2025-08-08 20:17:14,true,MUK,14,Mukilteo,,true,,2025-08-08 19:59:56,muk-cl,2025-08-08 20:35:00,2025-08-08 20:17:14,68,Tokitae,2,2025-08-08 20:17:38,kh73495vbwrj6m67jzcx8c693d7nbgaj,2025-08-09T02:59:56.000Z,-35.07,2025-08-09T03:35:00.000Z
SOU,20,Southworth,2025-08-09 12:29:57,true,VAI,22,Vashon Island,,true,,2025-08-09 12:15:23,f-v-s,2025-08-09 12:50:00,2025-08-09 12:29:57,1,Cathlamet,2,2025-08-09 12:30:23,kh7ad2hjqpw66m4cp6pq96n0w97nb4qm,2025-08-09T19:15:23.000Z,-34.62,2025-08-09T19:50:00.000Z
CLI,5,Clinton,2025-08-08 17:50:27,true,MUK,14,Mukilteo,,true,,2025-08-08 17:35:44,muk-cl,2025-08-08 18:10:00,2025-08-08 17:50:27,18,Kitsap,1,2025-08-08 17:50:53,kh795amzm3dtd0bqckpqav87qs7naykg,2025-08-09T00:35:44.000Z,-34.27,2025-08-09T01:10:00.000Z
MUK,14,Mukilteo,2025-08-07 17:44:24,true,CLI,5,Clinton,,true,,2025-08-07 17:30:48,muk-cl,2025-08-07 18:05:00,2025-08-07 17:44:24,68,Tokitae,2,2025-08-07 17:44:53,kh7084dryp0vjrn0cbj5n0wpk17n9q32,2025-08-08T00:30:48.000Z,-34.2,2025-08-08T01:05:00.000Z
P52,7,Seattle,2025-08-09 22:27:40,true,BBI,3,Bainbridge Island,,true,,2025-08-09 21:56:45,sea-bi,2025-08-09 22:30:00,2025-08-09 22:27:40,25,Puyallup,1,2025-08-09 22:28:08,kh7c86jqwny7xv4557ypz5mwv57ndd0r,2025-08-10T04:56:45.000Z,-33.25,2025-08-10T05:30:00.000Z
MUK,14,Mukilteo,2025-08-07 19:40:58,true,CLI,5,Clinton,,true,,2025-08-07 19:26:53,muk-cl,2025-08-07 20:00:00,2025-08-07 19:40:58,68,Tokitae,2,2025-08-07 19:41:23,kh772d3c9dcjdvxw7b73gq3z317n8hkx,2025-08-08T02:26:53.000Z,-33.12,2025-08-08T03:00:00.000Z
P52,7,Seattle,2025-08-16 22:27:15,true,BBI,3,Bainbridge Island,,true,,2025-08-16 21:57:28,sea-bi,2025-08-16 22:30:00,2025-08-16 22:27:15,32,Tacoma,1,2025-08-16 22:27:38,kh78jga6wkd2g3663b6ec2neq57nv6s3,2025-08-17T04:57:28.000Z,-32.53,2025-08-17T05:30:00.000Z
FAU,9,Fauntleroy,2025-08-05 12:18:26,true,VAI,22,Vashon Island,,true,,2025-08-05 12:07:36,f-v-s,2025-08-05 12:40:00,2025-08-05 12:18:26,19,Kittitas,1,2025-08-05 12:19:08,kh793qx20xfs7ce73fhmg9bnjs7n30s7,2025-08-05T19:07:36.000Z,-32.4,2025-08-05T19:40:00.000Z
CLI,5,Clinton,2025-08-08 18:23:13,true,MUK,14,Mukilteo,,true,,2025-08-08 18:08:33,muk-cl,2025-08-08 18:40:00,2025-08-08 18:23:13,68,Tokitae,2,2025-08-08 18:23:38,kh70yn17a5kx9epjh2183nr9097nb7fv,2025-08-09T01:08:33.000Z,-31.45,2025-08-09T01:40:00.000Z
BBI,3,Bainbridge Island,2025-08-16 21:45:10,true,P52,7,Seattle,,true,,2025-08-16 21:13:34,sea-bi,2025-08-16 21:45:00,2025-08-16 21:45:10,32,Tacoma,1,2025-08-16 21:45:38,kh75egrj45w0zpmb84mca7wd597ntmyy,2025-08-17T04:13:34.000Z,-31.43,2025-08-17T04:45:00.000Z
ORI,15,Orcas Island,2025-08-12 16:09:10,true,SHI,18,Shaw Island,,true,,2025-08-12 15:53:35,ana-sj,2025-08-12 16:25:00,2025-08-12 16:09:10,33,Tillikum,4,2025-08-12 16:09:38,kh7701jkmxj01ze1h1d1jq24w17nh7my,2025-08-12T22:53:35.000Z,-31.42,2025-08-12T23:25:00.000Z
P52,7,Seattle,2025-08-16 21:44:33,true,BBI,3,Bainbridge Island,,true,,2025-08-16 21:13:40,sea-bi,2025-08-16 21:45:00,2025-08-16 21:44:33,36,Walla Walla,2,2025-08-16 21:44:53,kh79bsgkxgchpwdbgtc92jpva57nv1a2,2025-08-17T04:13:40.000Z,-31.33,2025-08-17T04:45:00.000Z
CLI,5,Clinton,2025-08-08 19:19:13,true,MUK,14,Mukilteo,,true,,2025-08-08 19:03:42,muk-cl,2025-08-08 19:35:00,2025-08-08 19:19:13,68,Tokitae,2,2025-08-08 19:20:08,kh7bsdg5awdrskcrn4jg531dzx7nbw4t,2025-08-09T02:03:42.000Z,-31.3,2025-08-09T02:35:00.000Z
SOU,20,Southworth,2025-08-16 16:47:59,true,VAI,22,Vashon Island,2025-08-16 16:19:00,true,2025-08-16 16:08:28,2025-08-16 16:33:42,f-v-s,2025-08-16 17:05:00,2025-08-16 16:47:59,1,Cathlamet,2,2025-08-16 16:48:23,kh7dxpt7bpz2x6ve38bc6caxc17nsj63,2025-08-16T23:33:42.000Z,-31.3,2025-08-17T00:05:00.000Z
MUK,14,Mukilteo,2025-08-12 16:14:43,true,CLI,5,Clinton,,true,,2025-08-12 16:03:50,muk-cl,2025-08-12 16:35:00,2025-08-12 16:14:43,18,Kitsap,1,2025-08-12 16:15:08,kh74hz7bsbtvb36f1nqmykdt017ngr9j,2025-08-12T23:03:50.000Z,-31.17,2025-08-12T23:35:00.000Z
MUK,14,Mukilteo,2025-08-08 21:40:37,true,CLI,5,Clinton,,true,,2025-08-08 21:29:00,muk-cl,2025-08-08 22:00:00,2025-08-08 21:40:37,68,Tokitae,2,2025-08-08 21:41:08,kh79kmqveja2172j7dvssa66ss7nb53a,2025-08-09T04:29:00.000Z,-31,2025-08-09T05:00:00.000Z
CLI,5,Clinton,2025-08-08 21:42:02,true,MUK,14,Mukilteo,,true,,2025-08-08 21:29:00,muk-cl,2025-08-08 22:00:00,2025-08-08 21:42:02,18,Kitsap,1,2025-08-08 21:42:23,kh7cs300p2ryhfjt63ecgv1hbh7na57z,2025-08-09T04:29:00.000Z,-31,2025-08-09T05:00:00.000Z
CLI,5,Clinton,2025-08-13 13:13:42,true,MUK,14,Mukilteo,,true,,2025-08-13 12:59:33,muk-cl,2025-08-13 13:30:00,2025-08-13 13:13:42,75,Suquamish,2,2025-08-13 13:14:08,kh77jp97bbpfaag8w61qbngndh7nja1w,2025-08-13T19:59:33.000Z,-30.45,2025-08-13T20:30:00.000Z
MUK,14,Mukilteo,2025-08-11 19:18:10,true,CLI,5,Clinton,,true,,2025-08-11 19:04:54,muk-cl,2025-08-11 19:35:00,2025-08-11 19:18:10,18,Kitsap,1,2025-08-11 19:18:38,kh75znmyzs4c2tq1tak72zwabn7ng1aj,2025-08-12T02:04:54.000Z,-30.1,2025-08-12T02:35:00.000Z
MUK,14,Mukilteo,2025-08-08 20:44:00,true,CLI,5,Clinton,,true,,2025-08-08 20:29:58,muk-cl,2025-08-08 21:00:00,2025-08-08 20:44:00,68,Tokitae,2,2025-08-08 20:44:23,kh70thq4j7wjcpd4m8dmwrjb9n7naxr2,2025-08-09T03:29:58.000Z,-30.03,2025-08-09T04:00:00.000Z
PTD,16,Point Defiance,2025-08-14 19:39:46,true,TAH,21,Tahlequah,,true,,2025-08-14 19:29:58,pd-tal,2025-08-14 20:00:00,2025-08-14 19:39:46,65,Chetzemoka,1,2025-08-14 19:40:23,kh7f40khhtkmyc1mpgjxv7wrkd7npteb,2025-08-15T02:29:58.000Z,-30.03,2025-08-15T03:00:00.000Z
CLI,5,Clinton,2025-08-06 12:14:33,true,MUK,14,Mukilteo,,true,,2025-08-06 12:00:29,muk-cl,2025-08-06 12:30:00,2025-08-06 12:14:33,68,Tokitae,2,2025-08-06 12:15:08,kh77gv5d8epzemnxpw8xp6xbfh7n5xth,2025-08-06T19:00:29.000Z,-29.52,2025-08-06T19:30:00.000Z
CLI,5,Clinton,2025-08-08 21:15:37,true,MUK,14,Mukilteo,,true,,2025-08-08 21:00:49,muk-cl,2025-08-08 21:30:00,2025-08-08 21:15:37,68,Tokitae,2,2025-08-08 21:16:08,kh7fmc0s8v2fbvsc047sbctbnx7nafdn,2025-08-09T04:00:49.000Z,-29.18,2025-08-09T04:30:00.000Z
CLI,5,Clinton,2025-08-05 20:19:56,true,MUK,14,Mukilteo,,true,,2025-08-05 20:06:00,muk-cl,2025-08-05 20:35:00,2025-08-05 20:19:56,68,Tokitae,2,2025-08-05 20:20:23,kh77a8s915569fn48yq1x0wp1x7n586w,2025-08-06T03:06:00.000Z,-29,2025-08-06T03:35:00.000Z
PTD,16,Point Defiance,2025-08-14 16:42:23,true,TAH,21,Tahlequah,,true,,2025-08-14 16:31:03,pd-tal,2025-08-14 17:00:00,2025-08-14 16:42:23,65,Chetzemoka,1,2025-08-14 16:43:23,kh72gj43d6fbm07f2a9fvgntas7nnaaj,2025-08-14T23:31:03.000Z,-28.95,2025-08-15T00:00:00.000Z
P52,7,Seattle,2025-08-16 20:55:50,true,BBI,3,Bainbridge Island,,true,,2025-08-16 20:26:12,sea-bi,2025-08-16 20:55:00,2025-08-16 20:55:50,32,Tacoma,1,2025-08-16 20:56:23,kh70v871pdsw8xa2gjgn3xp1nd7nv7da,2025-08-17T03:26:12.000Z,-28.8,2025-08-17T03:55:00.000Z
VAI,22,Vashon Island,2025-08-10 14:03:41,true,FAU,9,Fauntleroy,,true,,2025-08-10 13:51:13,f-v-s,2025-08-10 14:20:00,2025-08-10 14:03:41,19,Kittitas,1,2025-08-10 14:04:08,kh7dj1q1zrn2dvzbas0z69z8yd7nc0yg,2025-08-10T20:51:13.000Z,-28.78,2025-08-10T21:20:00.000Z
MUK,14,Mukilteo,2025-08-11 18:21:34,true,CLI,5,Clinton,,true,,2025-08-11 18:06:32,muk-cl,2025-08-11 18:35:00,2025-08-11 18:21:34,18,Kitsap,1,2025-08-11 18:21:53,kh78sak3m9yf1kr6efgbj1zf6s7nghbh,2025-08-12T01:06:32.000Z,-28.47,2025-08-12T01:35:00.000Z
CLI,5,Clinton,2025-08-12 17:55:44,true,MUK,14,Mukilteo,,true,,2025-08-12 17:41:36,muk-cl,2025-08-12 18:10:00,2025-08-12 17:55:44,18,Kitsap,1,2025-08-12 17:56:08,kh7d1t5vd1faq773e15n22vb9n7nkh28,2025-08-13T00:41:36.000Z,-28.4,2025-08-13T01:10:00.000Z
MUK,14,Mukilteo,2025-08-06 11:45:38,true,CLI,5,Clinton,,true,,2025-08-06 11:31:43,muk-cl,2025-08-06 12:00:00,2025-08-06 11:45:38,68,Tokitae,2,2025-08-06 11:46:24,kh7b1nhyhvbd9h2at24awrrnxh7n5zzk,2025-08-06T18:31:43.000Z,-28.28,2025-08-06T19:00:00.000Z
CLI,5,Clinton,2025-08-08 19:52:19,true,MUK,14,Mukilteo,,true,,2025-08-08 19:37:00,muk-cl,2025-08-08 20:05:00,2025-08-08 19:52:19,18,Kitsap,1,2025-08-08 19:52:53,kh7e6p1ksqe4kbb2z07fy7v9v97nas1m,2025-08-09T02:37:00.000Z,-28,2025-08-09T03:05:00.000Z
CLI,5,Clinton,2025-08-15 22:15:15,true,MUK,14,Mukilteo,,true,,2025-08-15 22:02:12,muk-cl,2025-08-15 22:30:00,2025-08-15 22:15:15,75,Suquamish,2,2025-08-15 22:15:38,kh7c2bc5t1bh3kg5qte8ccrew57nr5f3,2025-08-16T05:02:12.000Z,-27.8,2025-08-16T05:30:00.000Z
CLI,5,Clinton,2025-08-07 16:19:28,true,MUK,14,Mukilteo,,true,,2025-08-07 16:12:19,muk-cl,2025-08-07 16:40:00,2025-08-07 16:19:28,68,Tokitae,2,2025-08-07 16:19:53,kh729xj1v03r7yvfg0sgqdmx797n7zj8,2025-08-07T23:12:19.000Z,-27.68,2025-08-07T23:40:00.000Z
MUK,14,Mukilteo,2025-08-08 18:50:11,true,CLI,5,Clinton,,true,,2025-08-08 18:37:38,muk-cl,2025-08-08 19:05:00,2025-08-08 18:50:11,68,Tokitae,2,2025-08-08 18:50:38,kh76mcs87g11tnk6bqc1fhfq1h7nazke,2025-08-09T01:37:38.000Z,-27.37,2025-08-09T02:05:00.000Z
CLI,5,Clinton,2025-08-11 20:49:29,true,MUK,14,Mukilteo,,true,,2025-08-11 20:32:46,muk-cl,2025-08-11 21:00:00,2025-08-11 20:49:29,18,Kitsap,1,2025-08-11 20:49:53,kh728n8m0aqpp7kh9djecmc5ds7nh8q6,2025-08-12T03:32:46.000Z,-27.23,2025-08-12T04:00:00.000Z
SOU,20,Southworth,2025-08-13 11:28:06,true,VAI,22,Vashon Island,2025-08-13 11:06:00,true,2025-08-13 10:48:31,2025-08-13 11:27:47,f-v-s,2025-08-13 11:55:00,2025-08-13 11:28:06,19,Kittitas,1,2025-08-13 11:28:38,kh72zdvtdpg783jhvs5rf2hymd7nkvcp,2025-08-13T18:27:47.000Z,-27.22,2025-08-13T18:55:00.000Z
FAU,9,Fauntleroy,2025-08-07 16:14:16,true,VAI,22,Vashon Island,,true,,2025-08-07 16:12:58,f-v-s,2025-08-07 16:40:00,2025-08-07 16:14:16,19,Kittitas,1,2025-08-07 16:14:53,kh77dd9ya51x6d0fg1brx8wg1n7n6h52,2025-08-07T23:12:58.000Z,-27.03,2025-08-07T23:40:00.000Z
VAI,22,Vashon Island,2025-08-13 09:09:59,true,FAU,9,Fauntleroy,,true,,2025-08-13 09:03:11,f-v-s,2025-08-13 09:30:00,2025-08-13 09:09:59,1,Cathlamet,2,2025-08-13 09:10:23,kh7fdnxedn0bn6wsa1n6vdzj757nkcca,2025-08-13T16:03:11.000Z,-26.82,2025-08-13T16:30:00.000Z
CLI,5,Clinton,2025-08-06 13:17:09,true,MUK,14,Mukilteo,,true,,2025-08-06 13:03:17,muk-cl,2025-08-06 13:30:00,2025-08-06 13:17:09,68,Tokitae,2,2025-08-06 13:17:38,kh79521jqas6m6n1md475dzz4h7n57x6,2025-08-06T20:03:17.000Z,-26.72,2025-08-06T20:30:00.000Z
MUK,14,Mukilteo,2025-08-08 19:47:05,true,CLI,5,Clinton,,true,,2025-08-08 19:33:17,muk-cl,2025-08-08 20:00:00,2025-08-08 19:47:05,68,Tokitae,2,2025-08-08 19:47:23,kh7887r0mwbf4nf9f9scfatkv57nba2w,2025-08-09T02:33:17.000Z,-26.72,2025-08-09T03:00:00.000Z
SOU,20,Southworth,2025-08-10 14:39:08,true,VAI,22,Vashon Island,,true,,2025-08-10 14:18:22,f-v-s,2025-08-10 14:45:00,2025-08-10 14:39:08,19,Kittitas,1,2025-08-10 14:39:39,kh74hmhebnt1jjepxv9gmgw9m97nc6ej,2025-08-10T21:18:22.000Z,-26.63,2025-08-10T21:45:00.000Z
PTD,16,Point Defiance,2025-08-14 17:44:39,true,TAH,21,Tahlequah,,true,,2025-08-14 17:33:25,pd-tal,2025-08-14 18:00:00,2025-08-14 17:44:39,65,Chetzemoka,1,2025-08-14 17:45:08,kh7cqeyb5xzvvnqk33q2ek3x397npa95,2025-08-15T00:33:25.000Z,-26.58,2025-08-15T01:00:00.000Z
CLI,5,Clinton,2025-08-06 14:24:15,true,MUK,14,Mukilteo,,true,,2025-08-06 14:08:37,muk-cl,2025-08-06 14:35:00,2025-08-06 14:24:15,68,Tokitae,2,2025-08-06 14:24:38,kh7c5srwy5jrnm6vg5a1mgczg57n4asn,2025-08-06T21:08:37.000Z,-26.38,2025-08-06T21:35:00.000Z
CLI,5,Clinton,2025-08-06 13:51:01,true,MUK,14,Mukilteo,,true,,2025-08-06 13:38:43,muk-cl,2025-08-06 14:05:00,2025-08-06 13:51:01,18,Kitsap,1,2025-08-06 13:51:23,kh7b68s1xzm3yy9ahxra7vh2t17n5f85,2025-08-06T20:38:43.000Z,-26.28,2025-08-06T21:05:00.000Z
MUK,14,Mukilteo,2025-08-08 18:21:55,true,CLI,5,Clinton,,true,,2025-08-08 18:08:54,muk-cl,2025-08-08 18:35:00,2025-08-08 18:21:55,18,Kitsap,1,2025-08-08 18:22:23,kh73rmakvs8vkqhsmnmf8dq2e57nbxvn,2025-08-09T01:08:54.000Z,-26.1,2025-08-09T01:35:00.000Z
MUK,14,Mukilteo,2025-08-05 17:51:35,true,CLI,5,Clinton,,true,,2025-08-05 17:39:00,muk-cl,2025-08-05 18:05:00,2025-08-05 17:51:35,68,Tokitae,2,2025-08-05 17:52:08,kh7365cqb19pasz4y625k7yppn7n5fac,2025-08-06T00:39:00.000Z,-26,2025-08-06T01:05:00.000Z
MUK,14,Mukilteo,2025-08-06 12:48:42,true,CLI,5,Clinton,,true,,2025-08-06 12:34:14,muk-cl,2025-08-06 13:00:00,2025-08-06 12:48:42,68,Tokitae,2,2025-08-06 12:49:08,kh74krxtvxcs7a94w9fe7xkf057n54je,2025-08-06T19:34:14.000Z,-25.77,2025-08-06T20:00:00.000Z
CLI,5,Clinton,2025-08-06 14:53:56,true,MUK,14,Mukilteo,,true,,2025-08-06 14:39:24,muk-cl,2025-08-06 15:05:00,2025-08-06 14:53:56,18,Kitsap,1,2025-08-06 14:54:23,kh72ghtdma9ngf5bvktfm4dtf97n5jj9,2025-08-06T21:39:24.000Z,-25.6,2025-08-06T22:05:00.000Z
MUK,14,Mukilteo,2025-08-12 16:52:56,true,CLI,5,Clinton,,true,,2025-08-12 16:39:43,muk-cl,2025-08-12 17:05:00,2025-08-12 16:52:56,75,Suquamish,2,2025-08-12 16:53:23,kh72z9sckwr2zqmyye0rkccbq57nhzzg,2025-08-12T23:39:43.000Z,-25.28,2025-08-13T00:05:00.000Z
CLI,5,Clinton,2025-08-13 14:22:09,true,MUK,14,Mukilteo,,true,,2025-08-13 14:09:45,muk-cl,2025-08-13 14:35:00,2025-08-13 14:22:09,75,Suquamish,2,2025-08-13 14:22:38,kh7b89eqdrq234r4bwqfy8tsa17nkvmc,2025-08-13T21:09:45.000Z,-25.25,2025-08-13T21:35:00.000Z
MUK,14,Mukilteo,2025-08-12 17:23:51,true,CLI,5,Clinton,,true,,2025-08-12 17:10:04,muk-cl,2025-08-12 17:35:00,2025-08-12 17:23:51,18,Kitsap,1,2025-08-12 17:24:23,kh7axdkpbjnvvskj925g8sjfbx7njwv4,2025-08-13T00:10:04.000Z,-24.93,2025-08-13T00:35:00.000Z
CLI,5,Clinton,2025-08-08 20:49:06,true,MUK,14,Mukilteo,,true,,2025-08-08 20:35:09,muk-cl,2025-08-08 21:00:00,2025-08-08 20:49:06,18,Kitsap,1,2025-08-08 20:49:38,kh7bspdh50pfp84q1mx9tnj6d57nbgtv,2025-08-09T03:35:09.000Z,-24.85,2025-08-09T04:00:00.000Z
BBI,3,Bainbridge Island,2025-08-10 08:39:25,true,P15,133,Fuel Dock - Pier 15,2025-08-10 07:14:00,true,2025-08-10 08:30:11,2025-08-10 08:30:11,sea-bi,2025-08-10 08:55:00,2025-08-10 08:39:25,32,Tacoma,2,2025-08-10 08:39:53,kh7a69syvgq0t4pa57dwmc8qd57nc29n,2025-08-10T15:30:11.000Z,-24.82,2025-08-10T15:55:00.000Z
PTD,16,Point Defiance,2025-08-14 18:46:46,true,TAH,21,Tahlequah,,true,,2025-08-14 18:35:34,pd-tal,2025-08-14 19:00:00,2025-08-14 18:46:46,65,Chetzemoka,1,2025-08-14 18:47:23,kh74wrbtywafsherxzz470dqyx7nqg1n,2025-08-15T01:35:34.000Z,-24.43,2025-08-15T02:00:00.000Z
CLI,5,Clinton,2025-08-08 18:55:11,true,MUK,14,Mukilteo,,true,,2025-08-08 18:40:42,muk-cl,2025-08-08 19:05:00,2025-08-08 18:55:11,18,Kitsap,1,2025-08-08 18:55:38,kh7b4wr9aakx960pt3nzrh38ed7na3b6,2025-08-09T01:40:42.000Z,-24.3,2025-08-09T02:05:00.000Z
MUK,14,Mukilteo,2025-08-08 21:18:57,true,CLI,5,Clinton,,true,,2025-08-08 21:05:52,muk-cl,2025-08-08 21:30:00,2025-08-08 21:18:57,18,Kitsap,1,2025-08-08 21:19:23,kh76yzj4t3kpa9ncw406nne0k97na9z1,2025-08-09T04:05:52.000Z,-24.13,2025-08-09T04:30:00.000Z
PTD,16,Point Defiance,2025-08-14 15:41:41,true,TAH,21,Tahlequah,,true,,2025-08-14 15:41:15,pd-tal,2025-08-14 16:05:00,2025-08-14 15:41:41,65,Chetzemoka,1,2025-08-14 15:42:08,kh7d37bj9kha1pw7q69vd5c1rn7nn04b,2025-08-14T22:41:15.000Z,-23.75,2025-08-14T23:05:00.000Z
MUK,14,Mukilteo,2025-08-06 13:51:51,true,CLI,5,Clinton,,true,,2025-08-06 13:36:32,muk-cl,2025-08-06 14:00:00,2025-08-06 13:51:51,68,Tokitae,2,2025-08-06 13:52:23,kh775prw1grrj7s42jx6f8v9es7n5d1d,2025-08-06T20:36:32.000Z,-23.47,2025-08-06T21:00:00.000Z
CLI,5,Clinton,2025-08-12 18:30:23,true,MUK,14,Mukilteo,,true,,2025-08-12 18:16:39,muk-cl,2025-08-12 18:40:00,2025-08-12 18:30:23,75,Suquamish,2,2025-08-12 18:30:53,kh79h32ty9ah3346a0vd9vx1c17nkh1d,2025-08-13T01:16:39.000Z,-23.35,2025-08-13T01:40:00.000Z
MUK,14,Mukilteo,2025-08-15 16:55:38,true,CLI,5,Clinton,,true,,2025-08-15 16:41:41,muk-cl,2025-08-15 17:05:00,2025-08-15 16:55:38,75,Suquamish,2,2025-08-15 16:56:08,kh7fscp46me3d7sj438acge8z97nqxsq,2025-08-15T23:41:41.000Z,-23.32,2025-08-16T00:05:00.000Z
PTD,16,Point Defiance,2025-08-10 08:12:03,true,TAH,21,Tahlequah,2025-08-10 08:13:00,true,2025-08-10 08:01:09,2025-08-10 07:36:58,pd-tal,2025-08-10 08:00:00,2025-08-10 08:12:03,65,Chetzemoka,1,2025-08-10 08:12:23,kh71r7d2fkhw61w3r5nf58e4r17ncp5a,2025-08-10T14:36:58.000Z,-23.03,2025-08-10T15:00:00.000Z
VAI,22,Vashon Island,2025-08-09 19:30:29,true,FAU,9,Fauntleroy,2025-08-09 18:33:00,true,2025-08-09 18:18:23,2025-08-09 19:17:01,f-v-s,2025-08-09 19:40:00,2025-08-09 19:30:29,19,Kittitas,1,2025-08-09 19:30:53,kh79kw51nh458hr24pk3bdn9qd7ncs3b,2025-08-10T02:17:01.000Z,-22.98,2025-08-10T02:40:00.000Z
MUK,14,Mukilteo,2025-08-13 13:50:07,true,CLI,5,Clinton,,true,,2025-08-13 13:37:07,muk-cl,2025-08-13 14:00:00,2025-08-13 13:50:07,75,Suquamish,2,2025-08-13 13:50:38,kh7fxyvpth5n4545z5fq4kf6bd7njrx0,2025-08-13T20:37:07.000Z,-22.88,2025-08-13T21:00:00.000Z
CLI,5,Clinton,2025-08-05 19:26:18,true,MUK,14,Mukilteo,,true,,2025-08-05 19:12:17,muk-cl,2025-08-05 19:35:00,2025-08-05 19:26:18,68,Tokitae,2,2025-08-05 19:26:38,kh74pnhe5zh3yejs818a38wqwx7n53wz,2025-08-06T02:12:17.000Z,-22.72,2025-08-06T02:35:00.000Z
VAI,22,Vashon Island,2025-08-16 16:11:07,true,FAU,9,Fauntleroy,,true,,2025-08-16 15:57:43,f-v-s,2025-08-16 16:20:00,2025-08-16 16:11:07,28,Sealth,3,2025-08-16 16:11:38,kh720prp9y75xd8dbe6n4xws2d7ns03m,2025-08-16T22:57:43.000Z,-22.28,2025-08-16T23:20:00.000Z
CLI,5,Clinton,2025-08-15 17:30:35,true,MUK,14,Mukilteo,,true,,2025-08-15 17:17:52,muk-cl,2025-08-15 17:40:00,2025-08-15 17:30:35,75,Suquamish,2,2025-08-15 17:31:08,kh76yyfe76b1d6bqhtswkyk10s7nsjxp,2025-08-16T00:17:52.000Z,-22.13,2025-08-16T00:40:00.000Z
BBI,3,Bainbridge Island,2025-08-16 23:25:07,true,P52,7,Seattle,,true,,2025-08-16 22:52:59,sea-bi,2025-08-16 23:15:00,2025-08-16 23:25:07,32,Tacoma,1,2025-08-16 23:25:38,kh74b4znzbxsxcwbm49mgsznsn7ntp8g,2025-08-17T05:52:59.000Z,-22.02,2025-08-17T06:15:00.000Z
MUK,14,Mukilteo,2025-08-08 20:20:22,true,CLI,5,Clinton,,true,,2025-08-08 20:08:03,muk-cl,2025-08-08 20:30:00,2025-08-08 20:20:22,18,Kitsap,1,2025-08-08 20:20:53,kh75fetm77gy9aqdd4kf7wyxn17nb0vv,2025-08-09T03:08:03.000Z,-21.95,2025-08-09T03:30:00.000Z
MUK,14,Mukilteo,2025-08-05 18:56:17,true,CLI,5,Clinton,,true,,2025-08-05 18:43:16,muk-cl,2025-08-05 19:05:00,2025-08-05 18:56:17,68,Tokitae,2,2025-08-05 18:56:38,kh72gg1bdz6zzzgbdw8mctmm3x7n4hc5,2025-08-06T01:43:16.000Z,-21.73,2025-08-06T02:05:00.000Z
FAU,9,Fauntleroy,2025-08-10 19:20:49,true,VAI,22,Vashon Island,,true,,2025-08-10 19:08:16,f-v-s,2025-08-10 19:30:00,2025-08-10 19:20:49,1,Cathlamet,2,2025-08-10 19:21:09,kh71nzjksk9d59xbbjvk7ee4bn7nfqe1,2025-08-11T02:08:16.000Z,-21.73,2025-08-11T02:30:00.000Z
MUK,14,Mukilteo,2025-08-15 21:52:16,true,CLI,5,Clinton,,true,,2025-08-15 21:38:42,muk-cl,2025-08-15 22:00:00,2025-08-15 21:52:16,75,Suquamish,2,2025-08-15 21:52:38,kh780jjqbgdaesjg2657jjwgwh7nrq4w,2025-08-16T04:38:42.000Z,-21.3,2025-08-16T05:00:00.000Z
ANA,1,Anacortes,2025-08-13 17:19:54,true,SHI,18,Shaw Island,,true,,2025-08-13 17:08:43,ana-sj,2025-08-13 17:30:00,2025-08-13 17:19:54,2,Chelan,3,2025-08-13 17:20:23,kh70p3m71gbryk94x7y4vfqt8n7nn1c4,2025-08-14T00:08:43.000Z,-21.28,2025-08-14T00:30:00.000Z
MUK,14,Mukilteo,2025-08-14 16:57:16,true,CLI,5,Clinton,,true,,2025-08-14 16:43:48,muk-cl,2025-08-14 17:05:00,2025-08-14 16:57:16,75,Suquamish,2,2025-08-14 16:57:38,kh74b8cp1202pc8pba97qrkk8d7nm25h,2025-08-14T23:43:48.000Z,-21.2,2025-08-15T00:05:00.000Z
SOU,20,Southworth,2025-08-10 16:57:13,true,VAI,22,Vashon Island,,true,,2025-08-10 16:44:03,f-v-s,2025-08-10 17:05:00,2025-08-10 16:57:13,1,Cathlamet,2,2025-08-10 16:57:38,kh7d8x2bpac9qsffj81c7nw4td7ncr2r,2025-08-10T23:44:03.000Z,-20.95,2025-08-11T00:05:00.000Z
MUK,14,Mukilteo,2025-08-05 19:52:57,true,CLI,5,Clinton,,true,,2025-08-05 19:39:28,muk-cl,2025-08-05 20:00:00,2025-08-05 19:52:57,68,Tokitae,2,2025-08-05 19:53:23,kh71tmm49jwpfxnpjj25w29vd57n5ed7,2025-08-06T02:39:28.000Z,-20.53,2025-08-06T03:00:00.000Z
MUK,14,Mukilteo,2025-08-12 17:57:57,true,CLI,5,Clinton,,true,,2025-08-12 17:44:50,muk-cl,2025-08-12 18:05:00,2025-08-12 17:57:57,75,Suquamish,2,2025-08-12 17:58:23,kh791pncer61k3mezjckkxhebs7nkbvv,2025-08-13T00:44:50.000Z,-20.17,2025-08-13T01:05:00.000Z
BBI,3,Bainbridge Island,2025-08-09 23:26:09,true,P52,7,Seattle,,true,,2025-08-09 22:54:55,sea-bi,2025-08-09 23:15:00,2025-08-09 23:26:09,25,Puyallup,1,2025-08-09 23:26:38,kh7a823fkqy8ya3w7pmdxsrrdh7nd94s,2025-08-10T05:54:55.000Z,-20.08,2025-08-10T06:15:00.000Z
FAU,9,Fauntleroy,2025-08-16 15:45:13,true,VAI,22,Vashon Island,,true,,2025-08-16 15:29:55,f-v-s,2025-08-16 15:50:00,2025-08-16 15:45:13,28,Sealth,3,2025-08-16 15:45:38,kh7d2fh968ntgc46d0g1ctxvq57nr19y,2025-08-16T22:29:55.000Z,-20.08,2025-08-16T22:50:00.000Z
ANA,1,Anacortes,2025-08-12 17:19:39,true,SHI,18,Shaw Island,,true,,2025-08-12 17:09:57,ana-sj,2025-08-12 17:30:00,2025-08-12 17:19:39,2,Chelan,3,2025-08-12 17:20:09,kh772fb6e4z65yh79wrbpc2hy97nk1c6,2025-08-13T00:09:57.000Z,-20.05,2025-08-13T00:30:00.000Z
MUK,14,Mukilteo,2025-08-13 14:57:58,true,CLI,5,Clinton,,true,,2025-08-13 14:45:00,muk-cl,2025-08-13 15:05:00,2025-08-13 14:57:58,75,Suquamish,2,2025-08-13 14:58:23,kh71vpkt61gxepg2m940884m7n7nk9qn,2025-08-13T21:45:00.000Z,-20,2025-08-13T22:05:00.000Z
MUK,14,Mukilteo,2025-08-06 14:59:31,true,CLI,5,Clinton,,true,,2025-08-06 14:45:07,muk-cl,2025-08-06 15:05:00,2025-08-06 14:59:31,68,Tokitae,2,2025-08-06 14:59:53,kh70nf5j1d2xedmmmmsvxw5qtx7n4270,2025-08-06T21:45:07.000Z,-19.88,2025-08-06T22:05:00.000Z
SOU,20,Southworth,2025-08-16 16:19:37,true,VAI,22,Vashon Island,,true,,2025-08-16 16:05:19,f-v-s,2025-08-16 16:25:00,2025-08-16 16:19:37,19,Kittitas,1,2025-08-16 16:20:08,kh7113709s632nptmawdrgq5f97nsry7,2025-08-16T23:05:19.000Z,-19.68,2025-08-16T23:25:00.000Z
CLI,5,Clinton,2025-08-14 18:34:09,true,MUK,14,Mukilteo,,true,,2025-08-14 18:20:35,muk-cl,2025-08-14 18:40:00,2025-08-14 18:34:09,75,Suquamish,2,2025-08-14 18:34:38,kh721hv6a5vvww0w5rgfk5czj17nqzpe,2025-08-15T01:20:35.000Z,-19.42,2025-08-15T01:40:00.000Z
CLI,5,Clinton,2025-08-15 21:25:15,true,MUK,14,Mukilteo,,true,,2025-08-15 21:10:44,muk-cl,2025-08-15 21:30:00,2025-08-15 21:25:15,75,Suquamish,2,2025-08-15 21:25:38,kh7bc4r8b5rk3xgs46d7x2ymj17ns62z,2025-08-16T04:10:44.000Z,-19.27,2025-08-16T04:30:00.000Z
CLI,5,Clinton,2025-08-06 16:00:49,true,MUK,14,Mukilteo,,true,,2025-08-06 15:45:54,muk-cl,2025-08-06 16:05:00,2025-08-06 16:00:49,18,Kitsap,1,2025-08-06 16:01:23,kh79mdgn53rpfc6gq1agr1f8s97n4g39,2025-08-06T22:45:54.000Z,-19.1,2025-08-06T23:05:00.000Z
CLI,5,Clinton,2025-08-13 15:28:29,true,MUK,14,Mukilteo,,true,,2025-08-13 15:15:59,muk-cl,2025-08-13 15:35:00,2025-08-13 15:28:29,75,Suquamish,2,2025-08-13 15:28:53,kh7a0adm8qzg2ta1e46y5csxdd7nke92,2025-08-13T22:15:59.000Z,-19.02,2025-08-13T22:35:00.000Z
FAU,9,Fauntleroy,2025-08-10 16:51:16,true,VAI,22,Vashon Island,,true,,2025-08-10 16:51:06,f-v-s,2025-08-10 17:10:00,2025-08-10 16:51:16,19,Kittitas,1,2025-08-10 16:51:39,kh75a4dcszqh1nds7t3bdpbaq57ncwzs,2025-08-10T23:51:06.000Z,-18.9,2025-08-11T00:10:00.000Z
FAU,9,Fauntleroy,2025-08-09 14:26:29,true,VAI,22,Vashon Island,,true,,2025-08-09 14:11:15,f-v-s,2025-08-09 14:30:00,2025-08-09 14:26:29,1,Cathlamet,2,2025-08-09 14:26:53,kh77f2wnbv5kav92726qzp7dbh7naxve,2025-08-09T21:11:15.000Z,-18.75,2025-08-09T21:30:00.000Z
CLI,5,Clinton,2025-08-13 16:34:07,true,MUK,14,Mukilteo,,true,,2025-08-13 16:21:23,muk-cl,2025-08-13 16:40:00,2025-08-13 16:34:07,75,Suquamish,2,2025-08-13 16:34:38,kh7e6pvq04dngawtxsep1991e97njrx3,2025-08-13T23:21:23.000Z,-18.62,2025-08-13T23:40:00.000Z
MUK,14,Mukilteo,2025-08-12 18:30:43,true,CLI,5,Clinton,,true,,2025-08-12 18:16:57,muk-cl,2025-08-12 18:35:00,2025-08-12 18:30:43,18,Kitsap,1,2025-08-12 18:31:08,kh7515fk1ce8gyhv4fcb9vfyjs7nkzj3,2025-08-13T01:16:57.000Z,-18.05,2025-08-13T01:35:00.000Z
CLI,5,Clinton,2025-08-13 16:00:33,true,MUK,14,Mukilteo,,true,,2025-08-13 15:47:00,muk-cl,2025-08-13 16:05:00,2025-08-13 16:00:33,18,Kitsap,1,2025-08-13 16:00:53,kh7crr8y83c7dtx8skht5gyz8x7nje1s,2025-08-13T22:47:00.000Z,-18,2025-08-13T23:05:00.000Z
CLI,5,Clinton,2025-08-12 20:00:01,true,MUK,14,Mukilteo,,true,,2025-08-12 19:47:04,muk-cl,2025-08-12 20:05:00,2025-08-12 20:00:01,18,Kitsap,1,2025-08-12 20:00:23,kh76az2ffbnjf3b3en0c44q8ed7nj8ha,2025-08-13T02:47:04.000Z,-17.93,2025-08-13T03:05:00.000Z
MUK,14,Mukilteo,2025-08-12 19:31:15,true,CLI,5,Clinton,,true,,2025-08-12 19:17:19,muk-cl,2025-08-12 19:35:00,2025-08-12 19:31:15,18,Kitsap,1,2025-08-12 19:31:53,kh72xzcrsj8v4zk8n00s8k74sx7nk1nt,2025-08-13T02:17:19.000Z,-17.68,2025-08-13T02:35:00.000Z
ANA,1,Anacortes,2025-08-14 17:12:39,true,SHI,18,Shaw Island,,true,,2025-08-14 17:12:19,ana-sj,2025-08-14 17:30:00,2025-08-14 17:12:39,2,Chelan,3,2025-08-14 17:13:08,kh7cf07j2r4x2cajsbsdx1jt597nqs22,2025-08-15T00:12:19.000Z,-17.68,2025-08-15T00:30:00.000Z
CLI,5,Clinton,2025-08-12 19:01:13,true,MUK,14,Mukilteo,,true,,2025-08-12 18:47:35,muk-cl,2025-08-12 19:05:00,2025-08-12 19:01:13,18,Kitsap,1,2025-08-12 19:01:38,kh76qefpey0d07aazhjfvp19qh7nkx39,2025-08-13T01:47:35.000Z,-17.42,2025-08-13T02:05:00.000Z
CLI,5,Clinton,2025-08-12 20:30:30,true,MUK,14,Mukilteo,,true,,2025-08-12 20:17:36,muk-cl,2025-08-12 20:35:00,2025-08-12 20:30:30,75,Suquamish,2,2025-08-12 20:31:08,kh76a23g7e6khvxd4mkgqdekjs7nk045,2025-08-13T03:17:36.000Z,-17.4,2025-08-13T03:35:00.000Z
CLI,5,Clinton,2025-08-15 18:35:59,true,MUK,14,Mukilteo,,true,,2025-08-15 18:22:47,muk-cl,2025-08-15 18:40:00,2025-08-15 18:35:59,75,Suquamish,2,2025-08-15 18:36:23,kh79cafed8eanfr156pbr2yht57nrw5w,2025-08-16T01:22:47.000Z,-17.22,2025-08-16T01:40:00.000Z
CLI,5,Clinton,2025-08-06 15:32:59,true,MUK,14,Mukilteo,,true,,2025-08-06 15:17:51,muk-cl,2025-08-06 15:35:00,2025-08-06 15:32:59,68,Tokitae,2,2025-08-06 15:33:23,kh7d79fjn0ymm78c0b405mkkps7n4579,2025-08-06T22:17:51.000Z,-17.15,2025-08-06T22:35:00.000Z
CLI,5,Clinton,2025-08-13 17:06:47,true,MUK,14,Mukilteo,,true,,2025-08-13 16:53:09,muk-cl,2025-08-13 17:10:00,2025-08-13 17:06:47,18,Kitsap,1,2025-08-13 17:07:23,kh7dgrkvqpgbemdhe8rq5cfez97nm30x,2025-08-13T23:53:09.000Z,-16.85,2025-08-14T00:10:00.000Z
CLI,5,Clinton,2025-08-12 19:31:45,true,MUK,14,Mukilteo,,true,,2025-08-12 19:18:20,muk-cl,2025-08-12 19:35:00,2025-08-12 19:31:45,75,Suquamish,2,2025-08-12 19:32:09,kh7f51bkxwzz8e3nzcw0hhhwt57njp83,2025-08-13T02:18:20.000Z,-16.67,2025-08-13T02:35:00.000Z
MUK,14,Mukilteo,2025-08-12 19:01:47,true,CLI,5,Clinton,,true,,2025-08-12 18:48:22,muk-cl,2025-08-12 19:05:00,2025-08-12 19:01:47,75,Suquamish,2,2025-08-12 19:02:23,kh77ewd4epnpn2j6dajxt33vc97njkeg,2025-08-13T01:48:22.000Z,-16.63,2025-08-13T02:05:00.000Z
CLI,5,Clinton,2025-08-15 20:31:33,true,MUK,14,Mukilteo,,true,,2025-08-15 20:18:31,muk-cl,2025-08-15 20:35:00,2025-08-15 20:31:33,75,Suquamish,2,2025-08-15 20:32:08,kh7fmthr7nced9rk5q7m7bj1757nsk8a,2025-08-16T03:18:31.000Z,-16.48,2025-08-16T03:35:00.000Z
CLI,5,Clinton,2025-08-06 16:38:09,true,MUK,14,Mukilteo,,true,,2025-08-06 16:23:33,muk-cl,2025-08-06 16:40:00,2025-08-06 16:38:09,68,Tokitae,2,2025-08-06 16:38:38,kh7bve8bmdptnv031dsm477pzh7n50xw,2025-08-06T23:23:33.000Z,-16.45,2025-08-06T23:40:00.000Z
MUK,14,Mukilteo,2025-08-14 18:02:38,true,CLI,5,Clinton,,true,,2025-08-14 17:48:39,muk-cl,2025-08-14 18:05:00,2025-08-14 18:02:38,75,Suquamish,2,2025-08-14 18:03:08,kh70chvzn4y9rex8phbsbg9z1s7npwjk,2025-08-15T00:48:39.000Z,-16.35,2025-08-15T01:05:00.000Z
ORI,15,Orcas Island,2025-08-11 16:30:30,true,SHI,18,Shaw Island,,true,,2025-08-11 16:09:19,ana-sj,2025-08-11 16:25:00,2025-08-11 16:30:30,33,Tillikum,4,2025-08-11 16:30:53,kh7chqrdxday4av4hmcewxf4g17ner9j,2025-08-11T23:09:19.000Z,-15.68,2025-08-11T23:25:00.000Z
MUK,14,Mukilteo,2025-08-15 20:58:48,true,CLI,5,Clinton,,true,,2025-08-15 20:44:44,muk-cl,2025-08-15 21:00:00,2025-08-15 20:58:48,75,Suquamish,2,2025-08-15 20:59:23,kh76yz1khqtjagbk5kfhm8s8k97nr611,2025-08-16T03:44:44.000Z,-15.27,2025-08-16T04:00:00.000Z
CLI,5,Clinton,2025-08-15 19:32:45,true,MUK,14,Mukilteo,,true,,2025-08-15 19:19:52,muk-cl,2025-08-15 19:35:00,2025-08-15 19:32:45,75,Suquamish,2,2025-08-15 19:33:08,kh725q6vav1b9v0zgbknf8mgyn7nrb2k,2025-08-16T02:19:52.000Z,-15.13,2025-08-16T02:35:00.000Z
MUK,14,Mukilteo,2025-08-12 20:29:08,true,CLI,5,Clinton,,true,,2025-08-12 20:15:13,muk-cl,2025-08-12 20:30:00,2025-08-12 20:29:08,18,Kitsap,1,2025-08-12 20:29:38,kh70vh9xfqmc60mmkhj59sw77x7njr50,2025-08-13T03:15:13.000Z,-14.78,2025-08-13T03:30:00.000Z
MUK,14,Mukilteo,2025-08-15 18:04:48,true,CLI,5,Clinton,,true,,2025-08-15 17:50:13,muk-cl,2025-08-15 18:05:00,2025-08-15 18:04:48,75,Suquamish,2,2025-08-15 18:05:09,kh713dhez7p0e03rx007e9hr057nsb23,2025-08-16T00:50:13.000Z,-14.78,2025-08-16T01:05:00.000Z
CLI,5,Clinton,2025-08-06 17:11:28,true,MUK,14,Mukilteo,,true,,2025-08-06 16:55:52,muk-cl,2025-08-06 17:10:00,2025-08-06 17:11:28,18,Kitsap,1,2025-08-06 17:12:08,kh78m5rr4dw12qyedqkpc17fdd7n6dn4,2025-08-06T23:55:52.000Z,-14.13,2025-08-07T00:10:00.000Z
ORI,15,Orcas Island,2025-08-07 16:14:18,true,SHI,18,Shaw Island,,true,,2025-08-07 16:10:57,ana-sj,2025-08-07 16:25:00,2025-08-07 16:14:18,33,Tillikum,4,2025-08-07 16:14:53,kh7827jyhp7a16ykghzjh6k2t97n7ay0,2025-08-07T23:10:57.000Z,-14.05,2025-08-07T23:25:00.000Z
MUK,14,Mukilteo,2025-08-15 20:01:07,true,CLI,5,Clinton,,true,,2025-08-15 19:46:58,muk-cl,2025-08-15 20:00:00,2025-08-15 20:01:07,75,Suquamish,2,2025-08-15 20:01:38,kh77nmt9rd2kqfyvyxa8e00cf17nrqnp,2025-08-16T02:46:58.000Z,-13.03,2025-08-16T03:00:00.000Z
MUK,14,Mukilteo,2025-08-12 20:00:19,true,CLI,5,Clinton,,true,,2025-08-12 19:47:06,muk-cl,2025-08-12 20:00:00,2025-08-12 20:00:19,75,Suquamish,2,2025-08-12 20:00:53,kh7a0r2tzepdm21br9wt0q5gf97nj0e2,2025-08-13T02:47:06.000Z,-12.9,2025-08-13T03:00:00.000Z
MUK,14,Mukilteo,2025-08-15 19:05:53,true,CLI,5,Clinton,,true,,2025-08-15 18:52:11,muk-cl,2025-08-15 19:05:00,2025-08-15 19:05:53,75,Suquamish,2,2025-08-15 19:06:23,kh7a8bznwzxpyqv4f9vfntdwq57nseck,2025-08-16T01:52:11.000Z,-12.82,2025-08-16T02:05:00.000Z
MUK,14,Mukilteo,2025-08-06 16:06:39,true,CLI,5,Clinton,,true,,2025-08-06 15:52:30,muk-cl,2025-08-06 16:05:00,2025-08-06 16:06:39,68,Tokitae,2,2025-08-06 16:07:08,kh735sxjffqp63r665r82kycfh7n5we8,2025-08-06T22:52:30.000Z,-12.5,2025-08-06T23:05:00.000Z
SOU,20,Southworth,2025-08-16 18:49:45,true,VAI,22,Vashon Island,,true,,2025-08-16 18:32:37,f-v-s,2025-08-16 18:45:00,2025-08-16 18:49:45,1,Cathlamet,2,2025-08-16 18:50:08,kh70e3n2bnwa9nkacb1c8jjb5h7nvbyj,2025-08-17T01:32:37.000Z,-12.38,2025-08-17T01:45:00.000Z
FAU,9,Fauntleroy,2025-08-09 13:27:30,true,VAI,22,Vashon Island,,true,,2025-08-09 13:17:38,f-v-s,2025-08-09 13:30:00,2025-08-09 13:27:30,1,Cathlamet,2,2025-08-09 13:27:53,kh724vykxwzk0ydzfayzfhj0cs7na8nh,2025-08-09T20:17:38.000Z,-12.37,2025-08-09T20:30:00.000Z
CLI,5,Clinton,2025-08-13 17:42:13,true,MUK,14,Mukilteo,,true,,2025-08-13 17:27:38,muk-cl,2025-08-13 17:40:00,2025-08-13 17:42:13,75,Suquamish,2,2025-08-13 17:42:38,kh73ry5k8jgxsh4399ama37q7n7nm9kq,2025-08-14T00:27:38.000Z,-12.37,2025-08-14T00:40:00.000Z
MUK,14,Mukilteo,2025-08-08 19:23:22,true,CLI,5,Clinton,,true,,2025-08-08 19:23:12,muk-cl,2025-08-08 19:35:00,2025-08-08 19:23:22,18,Kitsap,1,2025-08-08 19:23:53,kh77t4cg8t6c49djftq260dky17na2gn,2025-08-09T02:23:12.000Z,-11.8,2025-08-09T02:35:00.000Z
FAU,9,Fauntleroy,2025-08-09 13:52:49,true,VAI,22,Vashon Island,,true,,2025-08-09 13:38:23,f-v-s,2025-08-09 13:50:00,2025-08-09 13:52:49,19,Kittitas,1,2025-08-09 13:53:23,kh73fn8tkk6pnsnk8h9exjjxkx7natg2,2025-08-09T20:38:23.000Z,-11.62,2025-08-09T20:50:00.000Z
FAU,9,Fauntleroy,2025-08-10 17:50:10,true,VAI,22,Vashon Island,,true,,2025-08-10 17:38:24,f-v-s,2025-08-10 17:50:00,2025-08-10 17:50:10,1,Cathlamet,2,2025-08-10 17:50:38,kh7c6a7j381za7d1dej67241vx7nf5rp,2025-08-11T00:38:24.000Z,-11.6,2025-08-11T00:50:00.000Z
MUK,14,Mukilteo,2025-08-13 17:07:39,true,CLI,5,Clinton,,true,,2025-08-13 16:53:38,muk-cl,2025-08-13 17:05:00,2025-08-13 17:07:39,75,Suquamish,2,2025-08-13 17:08:08,kh7aaam1jd5kbevrh0my11t4md7nma7n,2025-08-13T23:53:38.000Z,-11.37,2025-08-14T00:05:00.000Z
FAU,9,Fauntleroy,2025-08-16 17:54:24,true,VAI,22,Vashon Island,,true,,2025-08-16 17:39:18,f-v-s,2025-08-16 17:50:00,2025-08-16 17:54:24,1,Cathlamet,2,2025-08-16 17:54:53,kh75e41anqw23gc4h32bt3tvzh7nv8c4,2025-08-17T00:39:18.000Z,-10.7,2025-08-17T00:50:00.000Z
FAU,9,Fauntleroy,2025-08-15 05:57:42,true,VAI,22,Vashon Island,,true,,2025-08-15 05:29:28,f-v-s,2025-08-15 05:40:00,2025-08-15 05:57:42,28,Sealth,3,2025-08-15 05:58:08,kh7cj900ywhx5eey6w5w5wv3ns7np37e,2025-08-15T12:29:28.000Z,-10.53,2025-08-15T12:40:00.000Z
MUK,14,Mukilteo,2025-08-14 19:08:06,true,CLI,5,Clinton,,true,,2025-08-14 18:54:29,muk-cl,2025-08-14 19:05:00,2025-08-14 19:08:06,75,Suquamish,2,2025-08-14 19:08:38,kh7d6txgcesj35snyxhj92gx6x7nqrex,2025-08-15T01:54:29.000Z,-10.52,2025-08-15T02:05:00.000Z
SOU,20,Southworth,2025-08-08 09:11:16,true,SOU,20,Southworth,2025-08-08 08:45:00,true,2025-08-08 08:18:24,2025-08-08 08:35:03,f-v-s,2025-08-08 08:45:00,2025-08-08 09:11:16,28,Sealth,3,2025-08-08 09:11:38,kh709y44p5dby0mfjt3waa7c8d7n98ex,2025-08-08T15:35:03.000Z,-9.95,2025-08-08T15:45:00.000Z
CLI,5,Clinton,2025-08-13 18:15:35,true,MUK,14,Mukilteo,,true,,2025-08-13 18:00:34,muk-cl,2025-08-13 18:10:00,2025-08-13 18:15:35,18,Kitsap,1,2025-08-13 18:16:08,kh7drgfbc6ebrtnejsf7vzkrws7nmeej,2025-08-14T01:00:34.000Z,-9.43,2025-08-14T01:10:00.000Z
CLI,5,Clinton,2025-08-14 19:39:11,true,MUK,14,Mukilteo,,true,,2025-08-14 19:26:09,muk-cl,2025-08-14 19:35:00,2025-08-14 19:39:11,75,Suquamish,2,2025-08-14 19:39:39,kh736a6gwp7yfcxxyzejefaatn7nqrbh,2025-08-15T02:26:09.000Z,-8.85,2025-08-15T02:35:00.000Z
FAU,9,Fauntleroy,2025-08-16 14:47:12,true,VAI,22,Vashon Island,,true,,2025-08-16 14:36:17,f-v-s,2025-08-16 14:45:00,2025-08-16 14:47:12,28,Sealth,3,2025-08-16 14:47:38,kh7fzs14xdtgkw2d4v7bbctjrs7nsdkg,2025-08-16T21:36:17.000Z,-8.72,2025-08-16T21:45:00.000Z
VAI,22,Vashon Island,2025-08-07 15:55:32,true,FAU,9,Fauntleroy,,true,,2025-08-07 15:46:41,f-v-s,2025-08-07 15:55:00,2025-08-07 15:55:32,1,Cathlamet,2,2025-08-07 15:55:53,kh75g16kn61vx7e7x8jyczhd9n7n7xh9,2025-08-07T22:46:41.000Z,-8.32,2025-08-07T22:55:00.000Z
FAU,9,Fauntleroy,2025-08-10 12:42:37,true,VAI,22,Vashon Island,,true,,2025-08-10 12:31:52,f-v-s,2025-08-10 12:40:00,2025-08-10 12:42:37,19,Kittitas,1,2025-08-10 12:43:08,kh77kv1ww59s9qj2zg2myrz9k97ncknf,2025-08-10T19:31:52.000Z,-8.13,2025-08-10T19:40:00.000Z
SOU,20,Southworth,2025-08-09 21:19:57,true,VAI,22,Vashon Island,,true,,2025-08-09 21:06:59,f-v-s,2025-08-09 21:15:00,2025-08-09 21:19:57,1,Cathlamet,2,2025-08-09 21:20:23,kh7116d5yjws2c030z754fdxdx7ndqmn,2025-08-10T04:06:59.000Z,-8.02,2025-08-10T04:15:00.000Z
SOU,20,Southworth,2025-08-07 15:52:39,true,VAI,22,Vashon Island,,true,,2025-08-07 15:47:17,f-v-s,2025-08-07 15:55:00,2025-08-07 15:52:39,19,Kittitas,1,2025-08-07 15:53:08,kh7bs7tgjq127wrpskfxs8qet17n78f9,2025-08-07T22:47:17.000Z,-7.72,2025-08-07T22:55:00.000Z
CLI,5,Clinton,2025-08-06 17:48:21,true,MUK,14,Mukilteo,,true,,2025-08-06 17:32:39,muk-cl,2025-08-06 17:40:00,2025-08-06 17:48:21,68,Tokitae,2,2025-08-06 17:48:53,kh7883chwrz9h3q5ykjzgntfg97n7nq7,2025-08-07T00:32:39.000Z,-7.35,2025-08-07T00:40:00.000Z
PTD,16,Point Defiance,2025-08-07 12:16:22,true,TAH,21,Tahlequah,,true,,2025-08-07 12:03:35,pd-tal,2025-08-07 12:10:00,2025-08-07 12:16:22,65,Chetzemoka,1,2025-08-07 12:16:53,kh76gd6zpbnvzvsv3389f6fm997n7rs6,2025-08-07T19:03:35.000Z,-6.42,2025-08-07T19:10:00.000Z
FAU,9,Fauntleroy,2025-08-16 22:01:24,true,VAI,22,Vashon Island,2025-08-16 21:35:00,true,2025-08-16 21:21:12,2025-08-16 21:58:45,f-v-s,2025-08-16 22:05:00,2025-08-16 22:01:45,19,Kittitas,1,2025-08-16 22:22:38,kh7eea0tssjbdf5jdsdk15vk6d7ntjtc,2025-08-17T04:58:45.000Z,-6.25,2025-08-17T05:05:00.000Z
MUK,14,Mukilteo,2025-08-13 17:42:27,true,CLI,5,Clinton,,true,,2025-08-13 17:29:03,muk-cl,2025-08-13 17:35:00,2025-08-13 17:42:27,18,Kitsap,1,2025-08-13 17:42:54,kh7213wr05grjafb8f4bexx6t57nn2b0,2025-08-14T00:29:03.000Z,-5.95,2025-08-14T00:35:00.000Z
MUK,14,Mukilteo,2025-08-14 20:07:37,true,CLI,5,Clinton,,true,,2025-08-14 19:54:15,muk-cl,2025-08-14 20:00:00,2025-08-14 20:07:37,75,Suquamish,2,2025-08-14 20:08:08,kh7arzkeajgcfj1gx1nxraanah7nqr48,2025-08-15T02:54:15.000Z,-5.75,2025-08-15T03:00:00.000Z
MUK,14,Mukilteo,2025-08-10 15:45:14,true,CLI,5,Clinton,,true,,2025-08-10 15:29:58,muk-cl,2025-08-10 15:35:00,2025-08-10 15:45:14,18,Kitsap,1,2025-08-10 15:45:38,kh7355x0y1g1pz2swgq0p1d86n7ncdx1,2025-08-10T22:29:58.000Z,-5.03,2025-08-10T22:35:00.000Z
